timestamp,frame,hand_index,handedness,WRIST_x,WRIST_y,WRIST_z,THUMB_CMC_x,THUMB_CMC_y,THUMB_CMC_z,THUMB_MCP_x,THUMB_MCP_y,THUMB_MCP_z,THUMB_IP_x,THUMB_IP_y,THUMB_IP_z,THUMB_TIP_x,THUMB_TIP_y,THUMB_TIP_z,INDEX_MCP_x,INDEX_MCP_y,INDEX_MCP_z,INDEX_PIP_x,INDEX_PIP_y,INDEX_PIP_z,INDEX_DIP_x,INDEX_DIP_y,INDEX_DIP_z,INDEX_TIP_x,INDEX_TIP_y,INDEX_TIP_z,MIDDLE_MCP_x,MIDDLE_MCP_y,MIDDLE_MCP_z,MIDDLE_PIP_x,MIDDLE_PIP_y,MIDDLE_PIP_z,MIDDLE_DIP_x,MIDDLE_DIP_y,MIDDLE_DIP_z,MIDDLE_TIP_x,MIDDLE_TIP_y,MIDDLE_TIP_z,RING_MCP_x,RING_MCP_y,RING_MCP_z,RING_PIP_x,RING_PIP_y,RING_PIP_z,RING_DIP_x,RING_DIP_y,RING_DIP_z,RING_TIP_x,RING_TIP_y,RING_TIP_z,PINKY_MCP_x,PINKY_MCP_y,PINKY_MCP_z,PINKY_PIP_x,PINKY_PIP_y,PINKY_PIP_z,PINKY_DIP_x,PINKY_DIP_y,PINKY_DIP_z,PINKY_TIP_x,PINKY_TIP_y,PINKY_TIP_z
1781673676.1711435,160,0,Left,0.917671,1.006363,-0.0,0.865569,0.989508,-0.019178,0.817979,0.954867,-0.039402,0.77847,0.924771,-0.060327,0.749863,0.905648,-0.083077,0.864562,0.861374,-0.036121,0.840157,0.773359,-0.059659,0.820184,0.730862,-0.076885,0.80123,0.708872,-0.086559,0.90695,0.844631,-0.039749,0.897169,0.740288,-0.055117,0.885113,0.691035,-0.066178,0.872711,0.66476,-0.074729,0.945624,0.846611,-0.044991,0.947636,0.753269,-0.05654,0.941743,0.706336,-0.063463,0.933649,0.676773,-0.068303,0.980562,0.864378,-0.051933,0.987729,0.788596,-0.05989,0.984166,0.747456,-0.059652,0.973719,0.719141,-0.058873
1781673676.2053597,161,0,Left,0.890337,0.98946,0.0,0.832821,0.973881,-0.028235,0.785089,0.928076,-0.04922,0.745998,0.88901,-0.067526,0.708536,0.859537,-0.086331,0.83048,0.792862,-0.03398,0.803134,0.711822,-0.060034,0.780122,0.664296,-0.081627,0.757201,0.629411,-0.095315,0.872892,0.777299,-0.036513,0.866973,0.679235,-0.055925,0.850773,0.619954,-0.072067,0.832668,0.573358,-0.083016,0.912227,0.784107,-0.042538,0.916526,0.689807,-0.059703,0.908405,0.632612,-0.070226,0.898223,0.583275,-0.077159,0.948399,0.809457,-0.05103,0.960807,0.735264,-0.064993,0.960814,0.68859,-0.067984,0.95607,0.647431,-0.06878
1781673676.2388952,162,0,Left,0.881961,0.948169,0.0,0.814535,0.931469,-0.025057,0.759353,0.881622,-0.043445,0.718613,0.839874,-0.059762,0.681972,0.810126,-0.076686,0.799505,0.736996,-0.029541,0.766103,0.648866,-0.054029,0.741431,0.59417,-0.074738,0.719293,0.550091,-0.088285,0.845265,0.71663,-0.033443,0.831267,0.614934,-0.05111,0.814768,0.549664,-0.067155,0.798926,0.49558,-0.078421,0.888674,0.718082,-0.040604,0.883745,0.620058,-0.056665,0.873412,0.556566,-0.06821,0.863134,0.501484,-0.076063,0.929776,0.73869,-0.050047,0.93406,0.658238,-0.063091,0.930043,0.606152,-0.066393,0.924377,0.559638,-0.067465
1781673676.2720745,163,0,Left,0.868602,0.902983,0.0,0.797586,0.886842,-0.028334,0.735727,0.83392,-0.047212,0.688137,0.788321,-0.063475,0.646226,0.755937,-0.079732,0.771277,0.681752,-0.028347,0.735081,0.590001,-0.052197,0.708956,0.533405,-0.072534,0.686878,0.486867,-0.086365,0.817659,0.656995,-0.031892,0.796158,0.548873,-0.050278,0.777926,0.47964,-0.06711,0.761852,0.422385,-0.079057,0.862821,0.655628,-0.039303,0.854637,0.55242,-0.057766,0.845119,0.485303,-0.070945,0.835683,0.427753,-0.079669,0.907494,0.674435,-0.049169,0.907686,0.588672,-0.065108,0.902367,0.533381,-0.070202,0.895125,0.483827,-0.072538
1781673676.3051136,164,0,Left,0.855004,0.855847,0.0,0.78064,0.840271,-0.028635,0.714425,0.794345,-0.049459,0.663695,0.755402,-0.067734,0.619912,0.723747,-0.08613,0.748789,0.632689,-0.032403,0.704673,0.538772,-0.057809,0.674289,0.484545,-0.078391,0.64825,0.440529,-0.092029,0.794313,0.605856,-0.036987,0.765847,0.489605,-0.057743,0.744899,0.416918,-0.074653,0.726515,0.357584,-0.08627,0.840166,0.603746,-0.045498,0.828184,0.491896,-0.066315,0.817213,0.422356,-0.079505,0.805483,0.362343,-0.087822,0.886606,0.620658,-0.056354,0.884597,0.529377,-0.073769,0.878732,0.47218,-0.07853,0.870285,0.421025,-0.080458
1781673676.3382008,165,0,Left,0.839037,0.814095,1e-06,0.761009,0.801687,-0.027824,0.690547,0.756089,-0.047414,0.637056,0.720969,-0.06468,0.590663,0.695551,-0.082471,0.720282,0.587226,-0.031088,0.670254,0.494668,-0.054865,0.637804,0.437833,-0.074624,0.610517,0.390436,-0.088571,0.767497,0.555629,-0.036417,0.736217,0.438059,-0.055976,0.714072,0.365353,-0.072679,0.694665,0.306928,-0.084707,0.815653,0.552207,-0.045587,0.801623,0.438144,-0.066374,0.789352,0.368348,-0.080573,0.776093,0.308775,-0.090007,0.864341,0.56878,-0.056992,0.862601,0.474468,-0.074754,0.856779,0.416276,-0.080418,0.847043,0.365006,-0.083496
1781673676.37178,166,0,Left,0.827306,0.781526,1e-06,0.74644,0.774379,-0.02774,0.66913,0.7304,-0.046685,0.610833,0.697218,-0.063152,0.560725,0.67523,-0.080083,0.693667,0.552406,-0.031213,0.639369,0.459713,-0.054021,0.606568,0.403587,-0.072964,0.579001,0.357248,-0.08652,0.740541,0.51642,-0.036635,0.702485,0.395611,-0.055364,0.677815,0.322301,-0.071981,0.655975,0.264881,-0.083992,0.79086,0.510338,-0.045788,0.773623,0.393917,-0.06653,0.760302,0.322384,-0.081823,0.745924,0.26286,-0.092052,0.842419,0.525789,-0.057051,0.840082,0.42869,-0.075234,0.834785,0.367677,-0.081756,0.825484,0.314909,-0.085427
1781673676.405162,167,0,Left,0.816401,0.756258,0.0,0.732285,0.748221,-0.028997,0.65219,0.706586,-0.048269,0.589522,0.675999,-0.065672,0.536775,0.659154,-0.083852,0.674093,0.530831,-0.03064,0.615733,0.439759,-0.055196,0.579071,0.382394,-0.076276,0.549422,0.334023,-0.092035,0.718534,0.49172,-0.037206,0.676619,0.372831,-0.057521,0.647844,0.299516,-0.076325,0.622783,0.241099,-0.090638,0.76761,0.481439,-0.047989,0.748522,0.359035,-0.07139,0.73265,0.284892,-0.089136,0.716005,0.222288,-0.10174,0.818808,0.494687,-0.061059,0.821142,0.396914,-0.0828,0.818754,0.334,-0.092135,0.812106,0.2788,-0.098206
1781673676.4385087,168,0,Left,0.801554,0.732568,1e-06,0.713337,0.724711,-0.02623,0.632371,0.685277,-0.044749,0.568933,0.662678,-0.062161,0.515882,0.654018,-0.08087,0.653076,0.504911,-0.029778,0.593736,0.415236,-0.053599,0.556473,0.358789,-0.074173,0.525795,0.310972,-0.08997,0.697536,0.464797,-0.038519,0.655019,0.343129,-0.059248,0.62544,0.269741,-0.079101,0.598753,0.210408,-0.094157,0.748026,0.455311,-0.051005,0.732415,0.329745,-0.075871,0.718274,0.253362,-0.095267,0.70213,0.188373,-0.10903,0.800378,0.47112,-0.065316,0.811534,0.371715,-0.089055,0.814822,0.306777,-0.099339,0.813022,0.248437,-0.105972
1781673676.472222,169,0,Left,0.792734,0.708261,1e-06,0.706029,0.704603,-0.026975,0.621432,0.667855,-0.045011,0.554826,0.649737,-0.061631,0.500261,0.646414,-0.07953,0.635985,0.480566,-0.029794,0.574346,0.392072,-0.052256,0.535916,0.337142,-0.072007,0.50446,0.290966,-0.08734,0.67988,0.439909,-0.037714,0.637721,0.316655,-0.056097,0.610292,0.243268,-0.074283,0.587118,0.185479,-0.088456,0.730202,0.430759,-0.049515,0.714946,0.30417,-0.072613,0.702606,0.229079,-0.091001,0.688932,0.165484,-0.104501,0.782288,0.448084,-0.063331,0.795055,0.349699,-0.086047,0.801588,0.286823,-0.095541,0.803855,0.230144,-0.1018
1781673676.5055013,170,0,Left,0.779973,0.686721,1e-06,0.692368,0.683436,-0.028116,0.607448,0.652193,-0.046806,0.540072,0.637687,-0.064187,0.485134,0.638003,-0.082897,0.619752,0.461559,-0.0301,0.557588,0.373338,-0.052822,0.518817,0.319731,-0.072782,0.487179,0.273848,-0.088181,0.664402,0.420124,-0.037304,0.621871,0.297951,-0.055267,0.59413,0.22529,-0.07326,0.570936,0.166496,-0.087555,0.71511,0.408778,-0.048632,0.701076,0.282724,-0.071319,0.688898,0.209099,-0.089456,0.675477,0.14721,-0.10286,0.767115,0.423713,-0.062227,0.780706,0.325993,-0.084088,0.787083,0.264736,-0.093199,0.789391,0.20988,-0.099329
1781673676.5388575,171,0,Left,0.773221,0.665055,1e-06,0.685701,0.665209,-0.030796,0.600562,0.640156,-0.051466,0.532671,0.628012,-0.070143,0.477411,0.627995,-0.089835,0.607136,0.44614,-0.033642,0.543049,0.360833,-0.057565,0.503791,0.308336,-0.078331,0.472023,0.262626,-0.094324,0.650398,0.402704,-0.039988,0.605486,0.283318,-0.059033,0.577083,0.212297,-0.077308,0.553723,0.154208,-0.09181,0.700777,0.390659,-0.050655,0.683428,0.265997,-0.074511,0.670351,0.192777,-0.093133,0.656773,0.130575,-0.106877,0.753392,0.405663,-0.063756,0.765115,0.307591,-0.087136,0.770962,0.246261,-0.097132,0.772869,0.190708,-0.103764
1781673676.5720735,172,0,Left,0.762735,0.648684,1e-06,0.67522,0.651507,-0.03148,0.589069,0.627921,-0.051035,0.520199,0.617432,-0.068523,0.465657,0.621913,-0.087062,0.595271,0.431965,-0.03159,0.530855,0.348426,-0.054378,0.490981,0.296689,-0.074538,0.458942,0.251027,-0.090405,0.637619,0.388555,-0.037209,0.591716,0.27164,-0.055626,0.562388,0.201039,-0.07372,0.538893,0.142159,-0.088231,0.687292,0.375506,-0.047427,0.668303,0.252611,-0.071397,0.653875,0.179333,-0.090769,0.639453,0.116465,-0.104992,0.739512,0.387829,-0.060212,0.750025,0.290332,-0.084163,0.755361,0.228933,-0.095305,0.757219,0.173073,-0.102859
1781673676.6054158,173,0,Left,0.754219,0.634683,1e-06,0.665738,0.638676,-0.028506,0.579254,0.615419,-0.04524,0.511894,0.604684,-0.060372,0.459111,0.61067,-0.076632,0.583521,0.416902,-0.026394,0.518893,0.33384,-0.046379,0.479509,0.282493,-0.06489,0.447773,0.238102,-0.079761,0.625822,0.37342,-0.032464,0.5793,0.256694,-0.048189,0.550067,0.186682,-0.065219,0.526858,0.129374,-0.079113,0.675393,0.35993,-0.043019,0.655717,0.237886,-0.064945,0.640508,0.164948,-0.084862,0.62545,0.102821,-0.099758,0.727499,0.371952,-0.055907,0.738675,0.274824,-0.079026,0.743916,0.213023,-0.090927,0.745894,0.156462,-0.099131
1781673676.6383393,174,0,Left,0.746652,0.620953,1e-06,0.659254,0.626066,-0.027848,0.569925,0.603478,-0.042915,0.501626,0.594498,-0.056256,0.448447,0.60075,-0.070725,0.5734,0.405971,-0.025519,0.507737,0.322987,-0.044747,0.468806,0.271786,-0.062305,0.437891,0.227496,-0.076491,0.615188,0.361507,-0.03111,0.567767,0.247581,-0.045832,0.538637,0.179152,-0.062073,0.515586,0.122977,-0.07561,0.664565,0.346534,-0.04121,0.644407,0.226337,-0.062426,0.629134,0.154041,-0.082198,0.613866,0.092847,-0.097192,0.716705,0.356639,-0.053573,0.727103,0.261124,-0.076341,0.732168,0.199796,-0.088667,0.733942,0.144064,-0.09738
1781673676.6721587,175,0,Left,0.735791,0.609719,1e-06,0.648436,0.616084,-0.028658,0.558135,0.594863,-0.043635,0.489111,0.588681,-0.056806,0.435271,0.596161,-0.071012,0.564352,0.395576,-0.025159,0.498355,0.314297,-0.043703,0.459429,0.264293,-0.060876,0.42881,0.221002,-0.074866,0.605799,0.351478,-0.030035,0.557722,0.238522,-0.044083,0.528907,0.170762,-0.060001,0.506664,0.1147,-0.073368,0.654718,0.335981,-0.039565,0.633027,0.21638,-0.060536,0.61811,0.144555,-0.080392,0.60332,0.083532,-0.09543,0.706569,0.344985,-0.051452,0.71669,0.24992,-0.074525,0.722211,0.189088,-0.087229,0.724332,0.134074,-0.096138
1781673676.705515,176,0,Left,0.72925,0.601623,1e-06,0.643171,0.609473,-0.027519,0.55094,0.588426,-0.041631,0.480654,0.582769,-0.054256,0.426328,0.591805,-0.067934,0.556644,0.389546,-0.022662,0.490757,0.309189,-0.040172,0.452133,0.259485,-0.05701,0.421726,0.216004,-0.071068,0.597172,0.343902,-0.027939,0.549551,0.231546,-0.040467,0.520512,0.163496,-0.055793,0.497929,0.108149,-0.069138,0.645738,0.327187,-0.03789,0.622956,0.208826,-0.056771,0.608107,0.138272,-0.075904,0.593076,0.078909,-0.091003,0.697546,0.335309,-0.050318,0.70704,0.241742,-0.071473,0.71196,0.181185,-0.083788,0.713724,0.126776,-0.092903
1781673676.739316,177,0,Left,0.723792,0.600263,1e-06,0.635931,0.606571,-0.027411,0.544569,0.584388,-0.040744,0.475738,0.577332,-0.052649,0.422305,0.584003,-0.065447,0.5496,0.38417,-0.020585,0.482713,0.303921,-0.037343,0.44371,0.254082,-0.053684,0.413105,0.211187,-0.067213,0.591068,0.338296,-0.025525,0.543527,0.22701,-0.037403,0.514628,0.159089,-0.052496,0.491941,0.104353,-0.0655,0.639827,0.321232,-0.035344,0.617673,0.203939,-0.054011,0.603355,0.13222,-0.073643,0.589098,0.072503,-0.088778,0.691262,0.328651,-0.04764,0.701369,0.234447,-0.068668,0.706668,0.173325,-0.081411,0.709233,0.118888,-0.09062
1781673676.773175,178,0,Left,0.717089,0.597241,1e-06,0.629767,0.603311,-0.027253,0.538871,0.579917,-0.040971,0.470275,0.571615,-0.053422,0.416159,0.578222,-0.066885,0.544075,0.380086,-0.020303,0.478299,0.30002,-0.037226,0.439533,0.250397,-0.053834,0.408907,0.207667,-0.067606,0.585542,0.334737,-0.025751,0.537885,0.223394,-0.037782,0.508643,0.155495,-0.053226,0.485542,0.100845,-0.066508,0.634637,0.318202,-0.036059,0.612698,0.200416,-0.055209,0.597865,0.128328,-0.075406,0.582765,0.06839,-0.090971,0.686324,0.32631,-0.048761,0.69699,0.233135,-0.070235,0.702743,0.171935,-0.083193,0.70574,0.117228,-0.092604
1781673676.8050613,179,0,Left,0.71435,0.599707,1e-06,0.626404,0.60505,-0.029442,0.536329,0.579063,-0.04393,0.46707,0.567932,-0.056882,0.410716,0.572398,-0.070663,0.541601,0.379341,-0.02063,0.475627,0.298359,-0.038238,0.436953,0.247286,-0.055511,0.406894,0.202952,-0.069692,0.583512,0.333679,-0.025346,0.535559,0.221616,-0.038093,0.506935,0.152097,-0.054257,0.484597,0.09572,-0.067857,0.63313,0.317542,-0.035239,0.61196,0.200339,-0.055357,0.59876,0.126569,-0.076232,0.585184,0.064434,-0.091971,0.685328,0.326099,-0.047727,0.695351,0.23236,-0.069999,0.701765,0.170963,-0.083331,0.705356,0.11553,-0.092829
1781673676.8389215,180,0,Left,0.713079,0.60201,1e-06,0.623776,0.605187,-0.029843,0.532785,0.57859,-0.04474,0.463268,0.564928,-0.058062,0.406817,0.565423,-0.072136,0.541304,0.379756,-0.022076,0.475596,0.296177,-0.040609,0.436875,0.243575,-0.058351,0.406741,0.198426,-0.072772,0.584092,0.334512,-0.026882,0.536825,0.221448,-0.040928,0.508828,0.150531,-0.057953,0.487499,0.092699,-0.072101,0.63386,0.318878,-0.036815,0.614057,0.200931,-0.058321,0.602391,0.12599,-0.079791,0.590813,0.063115,-0.095764,0.685937,0.328002,-0.049293,0.69738,0.234633,-0.072888,0.705089,0.172475,-0.086773,0.710587,0.116294,-0.096457
1781673676.8719053,181,0,Left,0.707362,0.606653,1e-06,0.618715,0.605999,-0.029951,0.529463,0.577037,-0.045642,0.461318,0.561266,-0.059834,0.405841,0.558873,-0.074911,0.541556,0.378894,-0.0241,0.477224,0.294165,-0.042959,0.439465,0.240442,-0.060622,0.410911,0.194217,-0.074971,0.585219,0.334741,-0.029284,0.540269,0.219918,-0.043949,0.512946,0.148218,-0.061204,0.492425,0.089986,-0.075401,0.635167,0.320701,-0.039381,0.618557,0.199397,-0.061411,0.608483,0.124611,-0.08302,0.598249,0.062327,-0.099059,0.687157,0.332459,-0.051936,0.701485,0.23878,-0.076342,0.710105,0.176301,-0.090512,0.716103,0.119978,-0.100242
1781673676.9056563,182,0,Left,0.703244,0.609729,1e-06,0.617566,0.608363,-0.03199,0.530164,0.577667,-0.049758,0.461472,0.558503,-0.065631,0.4044,0.554632,-0.082403,0.543134,0.379815,-0.029421,0.480563,0.292211,-0.050387,0.443307,0.236374,-0.069002,0.415247,0.188973,-0.083691,0.58784,0.336046,-0.034039,0.54421,0.219424,-0.050253,0.518249,0.146197,-0.067665,0.498918,0.087252,-0.081732,0.638668,0.323079,-0.043509,0.626148,0.201207,-0.066727,0.617551,0.126649,-0.088224,0.608013,0.065258,-0.104003,0.691003,0.336529,-0.055517,0.708821,0.244279,-0.080482,0.718838,0.18301,-0.094567,0.725533,0.12792,-0.104129
1781673676.9386065,183,0,Left,0.70454,0.614666,1e-06,0.616797,0.610239,-0.030892,0.528251,0.57484,-0.047858,0.46001,0.552476,-0.062944,0.402865,0.547637,-0.079125,0.547164,0.380445,-0.030163,0.48664,0.290012,-0.051397,0.450697,0.232705,-0.070458,0.423539,0.183819,-0.085523,0.592878,0.339214,-0.03529,0.552637,0.220353,-0.051639,0.52858,0.145668,-0.069441,0.51079,0.085502,-0.083963,0.64394,0.329268,-0.044958,0.634292,0.205297,-0.068314,0.628404,0.13008,-0.090104,0.621526,0.068316,-0.10617,0.696253,0.345699,-0.057003,0.716652,0.252409,-0.082698,0.729547,0.19136,-0.096929,0.739042,0.137013,-0.106468
1781673676.9724991,184,0,Left,0.701348,0.622048,1e-06,0.616261,0.616678,-0.033105,0.530763,0.575167,-0.050342,0.463504,0.543406,-0.065326,0.4067,0.530352,-0.08108,0.550191,0.383165,-0.032134,0.4928,0.288216,-0.054513,0.458678,0.228126,-0.074013,0.433232,0.176084,-0.089431,0.597824,0.342331,-0.036477,0.561321,0.220679,-0.053989,0.539796,0.144385,-0.072049,0.524272,0.082486,-0.086623,0.649649,0.333922,-0.045563,0.644025,0.208748,-0.07097,0.640972,0.134896,-0.092307,0.636571,0.073935,-0.107561,0.702091,0.352802,-0.057155,0.725858,0.26095,-0.085256,0.741534,0.202509,-0.099832,0.753225,0.150223,-0.109085
1781673677.0056705,185,0,Left,0.697716,0.630119,1e-06,0.610812,0.620785,-0.033825,0.526902,0.572581,-0.050389,0.461796,0.535738,-0.064517,0.40642,0.519225,-0.079412,0.554892,0.38493,-0.032259,0.501752,0.2866,-0.054907,0.468893,0.224442,-0.074432,0.444519,0.170608,-0.089907,0.603431,0.346482,-0.03617,0.571627,0.222416,-0.054442,0.552235,0.142961,-0.072882,0.538815,0.0781,-0.08765,0.65522,0.341056,-0.044948,0.654871,0.215545,-0.071701,0.654359,0.140615,-0.094104,0.652406,0.077752,-0.109874,0.706988,0.363413,-0.05623,0.73623,0.272615,-0.086041,0.755048,0.214482,-0.101952,0.769692,0.161858,-0.111999
1781673677.039884,186,0,Left,0.694028,0.637187,1e-06,0.608135,0.624213,-0.03458,0.525696,0.573646,-0.051799,0.461806,0.534399,-0.066404,0.406536,0.514695,-0.0819,0.557265,0.386791,-0.034398,0.506136,0.286433,-0.057448,0.474804,0.222959,-0.077056,0.451955,0.167804,-0.092574,0.607155,0.350997,-0.038296,0.578292,0.225773,-0.057424,0.559903,0.145089,-0.076746,0.547374,0.078719,-0.092143,0.659314,0.348808,-0.046979,0.663344,0.22403,-0.074632,0.664927,0.148115,-0.098152,0.664683,0.08374,-0.114686,0.710508,0.374287,-0.058086,0.742339,0.284818,-0.088759,0.763185,0.22697,-0.105336,0.779378,0.173782,-0.115848
1781673677.0725877,187,0,Left,0.6931,0.646636,1e-06,0.606954,0.631417,-0.035108,0.526285,0.578012,-0.053096,0.46342,0.537766,-0.068495,0.407741,0.518163,-0.084943,0.562157,0.391353,-0.03616,0.512549,0.288549,-0.060085,0.482012,0.2231,-0.080259,0.460006,0.166301,-0.096172,0.612448,0.356111,-0.04015,0.585997,0.228799,-0.059653,0.56956,0.146636,-0.079137,0.558965,0.079903,-0.094643,0.664728,0.354967,-0.048889,0.671961,0.229917,-0.076633,0.676138,0.153874,-0.100165,0.678367,0.089815,-0.116776,0.715786,0.382116,-0.060155,0.750564,0.29507,-0.090847,0.773174,0.239104,-0.107277,0.791131,0.188006,-0.117695
1781673677.105362,188,0,Left,0.691839,0.654007,1e-06,0.606182,0.634647,-0.031779,0.525676,0.578109,-0.049363,0.463049,0.537664,-0.064936,0.406008,0.521158,-0.081917,0.565312,0.392604,-0.035265,0.517561,0.287882,-0.058285,0.488645,0.221964,-0.077733,0.467921,0.164777,-0.093217,0.617295,0.36091,-0.041173,0.594071,0.231375,-0.059537,0.579598,0.149169,-0.078306,0.569934,0.082406,-0.093518,0.670208,0.36342,-0.051334,0.681458,0.237324,-0.078077,0.688073,0.161698,-0.100754,0.691817,0.097814,-0.117012,0.720682,0.394394,-0.063668,0.758101,0.307435,-0.093264,0.782782,0.252515,-0.108404,0.802093,0.20248,-0.118087
1781673677.1395268,189,0,Left,0.691722,0.663612,1e-06,0.606212,0.641042,-0.03218,0.525425,0.582569,-0.050204,0.46305,0.541334,-0.066275,0.406337,0.524369,-0.083835,0.569777,0.398556,-0.036911,0.52368,0.290685,-0.060542,0.495909,0.222725,-0.080199,0.476113,0.163782,-0.095892,0.622577,0.367848,-0.043203,0.602238,0.235429,-0.062055,0.590464,0.151145,-0.081231,0.58346,0.08276,-0.096869,0.675377,0.372358,-0.053701,0.689761,0.245477,-0.08113,0.699387,0.170085,-0.104286,0.70569,0.106565,-0.12091,0.725311,0.406209,-0.066392,0.766124,0.321012,-0.097047,0.793169,0.266604,-0.112749,0.814663,0.21701,-0.122762
1781673677.1724515,190,0,Left,0.691995,0.668007,1e-06,0.606595,0.643884,-0.032584,0.527182,0.585609,-0.050686,0.466349,0.544073,-0.066782,0.409845,0.526541,-0.084571,0.572522,0.402372,-0.038292,0.527896,0.292765,-0.061916,0.50162,0.223813,-0.081258,0.483361,0.163504,-0.096783,0.626311,0.372335,-0.044474,0.608049,0.23906,-0.063602,0.598076,0.153952,-0.083084,0.592958,0.08422,-0.09905,0.679563,0.378238,-0.054825,0.696119,0.25236,-0.082867,0.707493,0.177056,-0.106958,0.715633,0.11266,-0.12432,0.729525,0.41305,-0.067301,0.772591,0.330413,-0.098713,0.801058,0.276928,-0.115258,0.824007,0.226992,-0.125988
1781673677.2064164,191,0,Left,0.691697,0.672761,1e-06,0.607198,0.648218,-0.034323,0.528875,0.588503,-0.053561,0.466615,0.546262,-0.070685,0.40885,0.528996,-0.089523,0.575933,0.407373,-0.039989,0.533303,0.296744,-0.065093,0.507466,0.226062,-0.085553,0.489726,0.164114,-0.101916,0.63018,0.37776,-0.045877,0.613556,0.244044,-0.066025,0.603616,0.158144,-0.086004,0.598249,0.087456,-0.102366,0.683664,0.38429,-0.056105,0.701302,0.258246,-0.084935,0.713313,0.182368,-0.108711,0.721827,0.11707,-0.125845,0.733265,0.420516,-0.068688,0.777096,0.338995,-0.100729,0.806376,0.286676,-0.117042,0.82994,0.2378,-0.127548
1781673677.239433,192,0,Left,0.693231,0.676821,1e-06,0.608313,0.651435,-0.033547,0.529284,0.59178,-0.052713,0.46672,0.549784,-0.069853,0.408888,0.532451,-0.088828,0.578369,0.409509,-0.040167,0.536369,0.298097,-0.064988,0.511277,0.227488,-0.085138,0.494082,0.165811,-0.101298,0.633269,0.380921,-0.046537,0.617038,0.247506,-0.066459,0.607863,0.162189,-0.086374,0.603358,0.091736,-0.102766,0.687252,0.388788,-0.057096,0.70546,0.263896,-0.085866,0.717765,0.188634,-0.10984,0.726819,0.123925,-0.127234,0.737195,0.426344,-0.069892,0.781792,0.346997,-0.101945,0.811503,0.295724,-0.118322,0.835815,0.247628,-0.128939
1781673677.2720819,193,0,Left,0.693587,0.682495,1e-06,0.609023,0.655572,-0.034896,0.530721,0.594979,-0.054524,0.466929,0.5536,-0.071904,0.407816,0.536925,-0.091108,0.581813,0.41348,-0.041359,0.540536,0.299817,-0.066355,0.516373,0.228497,-0.086261,0.500187,0.166205,-0.102279,0.636824,0.38616,-0.047333,0.622589,0.25007,-0.067584,0.615416,0.163497,-0.087541,0.613085,0.092676,-0.103927,0.690072,0.395806,-0.057644,0.71086,0.26932,-0.087728,0.725341,0.193664,-0.112666,0.736401,0.128576,-0.130568,0.738923,0.43539,-0.070168,0.785883,0.359266,-0.104502,0.817119,0.309642,-0.122248,0.842603,0.262749,-0.133589
1781673677.305277,194,0,Left,0.692997,0.685476,1e-06,0.609524,0.65979,-0.037385,0.532865,0.601441,-0.059256,0.469527,0.559343,-0.078523,0.410588,0.539303,-0.099511,0.584019,0.41631,-0.044928,0.54377,0.302014,-0.071704,0.519934,0.230274,-0.092904,0.503958,0.167644,-0.109733,0.639069,0.389598,-0.050204,0.625817,0.253151,-0.071763,0.619286,0.16628,-0.092238,0.617407,0.095367,-0.109003,0.692133,0.400046,-0.060024,0.713268,0.274071,-0.090979,0.728636,0.198267,-0.115829,0.74058,0.133234,-0.133688,0.740574,0.440412,-0.072341,0.78761,0.365546,-0.107286,0.819214,0.316383,-0.125113,0.84538,0.27012,-0.136469
1781673677.3390796,195,0,Left,0.69448,0.68894,1e-06,0.610337,0.661894,-0.037887,0.53348,0.604812,-0.060581,0.469169,0.565037,-0.080544,0.409619,0.546355,-0.102265,0.586529,0.420202,-0.046198,0.547066,0.305664,-0.073395,0.523239,0.233341,-0.095032,0.507451,0.169855,-0.112113,0.641575,0.393001,-0.051111,0.627891,0.25742,-0.072729,0.621549,0.170721,-0.093175,0.620083,0.09911,-0.109992,0.694639,0.40333,-0.060528,0.715418,0.278376,-0.090748,0.730914,0.202912,-0.115042,0.742996,0.137832,-0.132606,0.742989,0.443374,-0.07253,0.7886,0.36661,-0.105886,0.819699,0.317108,-0.122701,0.845411,0.270355,-0.133524
1781673677.3722932,196,0,Left,0.69638,0.692153,1e-06,0.612226,0.665251,-0.037422,0.536012,0.610458,-0.060665,0.471824,0.569988,-0.081373,0.41225,0.551407,-0.103798,0.587239,0.422972,-0.046159,0.548605,0.30721,-0.073507,0.52517,0.234437,-0.095237,0.509493,0.170041,-0.112436,0.64241,0.396628,-0.051529,0.628892,0.262036,-0.074066,0.621869,0.175225,-0.0953,0.619471,0.102363,-0.112707,0.695426,0.407701,-0.061288,0.7169,0.284024,-0.092278,0.73286,0.208705,-0.11682,0.745214,0.142709,-0.134383,0.743262,0.447727,-0.073551,0.788598,0.368609,-0.107035,0.819387,0.316654,-0.123879,0.844957,0.266648,-0.134745
1781673677.4056368,197,0,Left,0.698591,0.693227,1e-06,0.613403,0.667526,-0.038576,0.535865,0.612817,-0.061708,0.471967,0.570728,-0.08215,0.412622,0.548841,-0.103908,0.588365,0.42609,-0.045836,0.550037,0.308401,-0.073015,0.527421,0.235599,-0.094218,0.512012,0.170662,-0.110668,0.643007,0.401915,-0.050095,0.63001,0.268567,-0.072913,0.624056,0.182752,-0.093521,0.622852,0.109372,-0.110175,0.695158,0.412017,-0.059061,0.71729,0.294213,-0.090349,0.734083,0.219974,-0.114354,0.747228,0.154563,-0.130841,0.742323,0.44816,-0.070726,0.784477,0.367372,-0.103153,0.81453,0.31567,-0.119266,0.839745,0.265946,-0.129452
1781673677.4389486,198,0,Left,0.700458,0.688166,1e-06,0.614459,0.665994,-0.038234,0.537465,0.613558,-0.060251,0.47551,0.568662,-0.079319,0.417085,0.544961,-0.099134,0.584219,0.426808,-0.042803,0.544164,0.311067,-0.06743,0.52194,0.240809,-0.086665,0.506926,0.177193,-0.101693,0.63922,0.404167,-0.0453,0.626237,0.281373,-0.065742,0.621532,0.203706,-0.083814,0.620885,0.136252,-0.098876,0.69195,0.412025,-0.052652,0.711455,0.299067,-0.080978,0.725819,0.227731,-0.101647,0.73712,0.16464,-0.11596,0.739854,0.44214,-0.062911,0.776542,0.356788,-0.091661,0.802664,0.303174,-0.105629,0.824762,0.251619,-0.114598
1781673677.4728363,199,0,Left,0.705773,0.689226,0.0,0.618279,0.671085,-0.037043,0.542243,0.616764,-0.056601,0.482463,0.572111,-0.073328,0.428058,0.545218,-0.089978,0.580456,0.430325,-0.034235,0.535993,0.319193,-0.056379,0.508763,0.251043,-0.075279,0.487829,0.191646,-0.090252,0.634158,0.406512,-0.035394,0.617519,0.296185,-0.053776,0.608537,0.228458,-0.071047,0.60046,0.169573,-0.085218,0.687097,0.409513,-0.041796,0.696669,0.298053,-0.067625,0.706444,0.228752,-0.086356,0.711974,0.166365,-0.099324,0.736033,0.433126,-0.051321,0.768019,0.343744,-0.078705,0.792256,0.289227,-0.091951,0.812343,0.237201,-0.100097
1781673677.5059042,200,0,Left,0.711189,0.679039,1e-06,0.625932,0.671112,-0.03817,0.548469,0.623522,-0.057351,0.490054,0.581286,-0.07293,0.438908,0.552427,-0.088563,0.576318,0.43713,-0.034848,0.52271,0.343554,-0.057576,0.490953,0.282111,-0.077272,0.466384,0.228661,-0.092634,0.626228,0.401476,-0.035604,0.602831,0.283065,-0.053265,0.588551,0.211746,-0.070036,0.575558,0.153982,-0.083502,0.677757,0.398139,-0.041828,0.678111,0.280995,-0.067642,0.678466,0.207608,-0.088425,0.675497,0.142824,-0.103003,0.728159,0.420019,-0.051006,0.756491,0.329004,-0.07875,0.777243,0.2715,-0.093153,0.793004,0.217873,-0.10238
1781673677.5394752,201,0,Left,0.710403,0.673163,1e-06,0.62879,0.6714,-0.031721,0.553146,0.629829,-0.049699,0.497152,0.590072,-0.065989,0.448772,0.563525,-0.08312,0.577866,0.446899,-0.028557,0.526182,0.372128,-0.051781,0.493048,0.325154,-0.072877,0.467108,0.284115,-0.089234,0.621864,0.401711,-0.034233,0.595541,0.275742,-0.053089,0.578703,0.197639,-0.071443,0.564185,0.134122,-0.085539,0.670864,0.391977,-0.044858,0.664044,0.26955,-0.071223,0.658893,0.19242,-0.093848,0.651191,0.124203,-0.109771,0.72236,0.410901,-0.057933,0.750325,0.319924,-0.085125,0.769899,0.259646,-0.099545,0.784569,0.20582,-0.109015
1781673677.5724897,202,0,Left,0.710572,0.667198,0.0,0.629455,0.671176,-0.032144,0.553748,0.633379,-0.050421,0.498482,0.59462,-0.066888,0.450172,0.567602,-0.084371,0.575339,0.450146,-0.029324,0.523299,0.382083,-0.054292,0.489085,0.340269,-0.076905,0.461127,0.304331,-0.094013,0.617605,0.400466,-0.03549,0.585145,0.275248,-0.055466,0.563447,0.196429,-0.074938,0.544431,0.130542,-0.089897,0.666377,0.388815,-0.046611,0.657216,0.26722,-0.074085,0.652324,0.189638,-0.097324,0.644366,0.119747,-0.11365,0.718427,0.406469,-0.060168,0.744311,0.316605,-0.087881,0.762694,0.256547,-0.101959,0.775612,0.201868,-0.111288
1781673677.6058412,203,0,Left,0.712805,0.665336,0.0,0.628456,0.670415,-0.032174,0.552042,0.633691,-0.050053,0.495208,0.595225,-0.066272,0.445401,0.56877,-0.083346,0.573094,0.447698,-0.026202,0.516247,0.377901,-0.05018,0.479593,0.335888,-0.072307,0.449898,0.299811,-0.089245,0.61464,0.39911,-0.032456,0.577656,0.27687,-0.052208,0.55329,0.199809,-0.07218,0.532209,0.13544,-0.087439,0.662858,0.388397,-0.043941,0.652233,0.266738,-0.071844,0.646539,0.188367,-0.095603,0.637987,0.117969,-0.112103,0.714715,0.405898,-0.057846,0.738763,0.313525,-0.086315,0.755896,0.25181,-0.100986,0.767569,0.195175,-0.110615
1781673677.6392443,204,0,Left,0.711242,0.668258,0.0,0.62773,0.669052,-0.031652,0.548026,0.630142,-0.048664,0.487999,0.591304,-0.063995,0.435751,0.567071,-0.080162,0.568565,0.45013,-0.027609,0.509455,0.372482,-0.051411,0.470956,0.324466,-0.072504,0.4394,0.282654,-0.088869,0.612603,0.406374,-0.033324,0.575433,0.286812,-0.053778,0.550062,0.211297,-0.074227,0.526676,0.14803,-0.089918,0.661758,0.395771,-0.04392,0.649879,0.278063,-0.072263,0.641195,0.200709,-0.095257,0.629483,0.13311,-0.110939,0.713081,0.410432,-0.056738,0.732801,0.31754,-0.08508,0.747515,0.255511,-0.099002,0.757206,0.199773,-0.107896
1781673677.6725063,205,0,Left,0.714887,0.668144,0.0,0.629951,0.665076,-0.034822,0.547891,0.623692,-0.051868,0.484815,0.586918,-0.066437,0.431726,0.562865,-0.080738,0.564702,0.448771,-0.029418,0.506288,0.363389,-0.053666,0.470092,0.311443,-0.074016,0.440169,0.264099,-0.089855,0.610817,0.412966,-0.032031,0.572052,0.317328,-0.054183,0.546888,0.257258,-0.073915,0.52448,0.204313,-0.089039,0.662074,0.403243,-0.04005,0.64594,0.309037,-0.069633,0.634604,0.244366,-0.090508,0.621843,0.186002,-0.104105,0.714898,0.412994,-0.050835,0.728462,0.323197,-0.080052,0.740705,0.263933,-0.095044,0.749507,0.208005,-0.104366
1781673677.7064657,206,0,Left,0.714447,0.66719,0.0,0.630554,0.67,-0.034952,0.551249,0.63237,-0.051628,0.491945,0.597462,-0.065945,0.444184,0.564563,-0.079252,0.564437,0.453033,-0.029647,0.50712,0.358803,-0.051735,0.472439,0.303888,-0.06964,0.441608,0.256657,-0.083857,0.609965,0.420418,-0.030275,0.575016,0.34083,-0.053623,0.547539,0.299876,-0.072581,0.519529,0.266408,-0.086047,0.66103,0.408126,-0.036074,0.646002,0.328887,-0.065434,0.630706,0.280299,-0.083512,0.611908,0.234848,-0.094121,0.713315,0.412859,-0.04474,0.727081,0.325877,-0.072384,0.737571,0.269076,-0.086239,0.744215,0.214366,-0.094007
1781673677.7401161,207,0,Left,0.714259,0.67027,0.0,0.629916,0.675786,-0.03383,0.552851,0.642899,-0.050192,0.499272,0.609026,-0.063837,0.462763,0.566559,-0.076298,0.558869,0.451959,-0.024847,0.505609,0.368521,-0.047882,0.4695,0.31942,-0.068844,0.435255,0.283446,-0.084434,0.605041,0.414633,-0.026004,0.575601,0.319323,-0.048556,0.548805,0.280237,-0.067425,0.52049,0.264173,-0.078728,0.656852,0.404465,-0.032501,0.642143,0.317155,-0.057479,0.6247,0.268647,-0.073864,0.604951,0.231199,-0.082997,0.708766,0.417907,-0.04216,0.722654,0.336484,-0.066822,0.729711,0.282865,-0.079114,0.734007,0.233875,-0.085118
1781673677.7730188,208,0,Left,0.713665,0.675048,0.0,0.633877,0.68244,-0.025163,0.558334,0.651434,-0.036727,0.515136,0.612825,-0.047171,0.498861,0.575272,-0.057254,0.557553,0.451463,-0.015662,0.506431,0.383405,-0.04043,0.471719,0.342573,-0.063914,0.437494,0.322792,-0.079589,0.60467,0.409022,-0.022221,0.583731,0.298001,-0.046252,0.556017,0.255969,-0.064758,0.526638,0.255064,-0.072304,0.655982,0.402038,-0.033772,0.645842,0.300888,-0.056662,0.625603,0.254141,-0.06949,0.603628,0.231973,-0.074199,0.706336,0.426197,-0.048179,0.71748,0.354092,-0.070394,0.715747,0.30862,-0.078505,0.711833,0.273484,-0.079837
1781673677.8063254,209,0,Left,0.705787,0.679111,0.0,0.633912,0.688098,-0.029,0.554981,0.648245,-0.046463,0.518523,0.586701,-0.063963,0.546355,0.553244,-0.079828,0.552316,0.448774,-0.008868,0.508848,0.37457,-0.041181,0.479806,0.353659,-0.072732,0.459319,0.369355,-0.091643,0.600976,0.405563,-0.01523,0.583239,0.295545,-0.037845,0.5584,0.25022,-0.05911,0.533116,0.246891,-0.071825,0.65195,0.400449,-0.028735,0.653318,0.29427,-0.052167,0.635057,0.25632,-0.067192,0.611045,0.250809,-0.075142,0.703113,0.425865,-0.045747,0.705908,0.354186,-0.065583,0.697453,0.351445,-0.069491,0.683152,0.371763,-0.06978
1781673677.8389783,210,0,Left,0.706331,0.687576,0.0,0.633406,0.693987,-0.025408,0.557726,0.655697,-0.039678,0.525027,0.597916,-0.054545,0.552903,0.55902,-0.068612,0.554227,0.450932,-0.00132,0.51383,0.382224,-0.026716,0.485868,0.364882,-0.053621,0.461147,0.376332,-0.070663,0.602469,0.41183,-0.01018,0.588031,0.301002,-0.022889,0.56367,0.253291,-0.039654,0.534947,0.242373,-0.051503,0.652776,0.411463,-0.026244,0.658283,0.301812,-0.046895,0.636255,0.263195,-0.066415,0.606769,0.255332,-0.079796,0.70322,0.441885,-0.045152,0.70665,0.38768,-0.067937,0.696144,0.418421,-0.074615,0.67939,0.467662,-0.077966
1781673677.8733904,211,0,Left,0.710509,0.683923,0.0,0.633198,0.691523,-0.02397,0.553128,0.654856,-0.037168,0.513625,0.599126,-0.051524,0.542045,0.56184,-0.064461,0.555674,0.44687,0.001419,0.515596,0.373687,-0.0238,0.487669,0.351135,-0.050056,0.463996,0.360739,-0.066535,0.605856,0.409416,-0.007843,0.593288,0.297516,-0.023448,0.572285,0.250847,-0.040584,0.548515,0.243872,-0.051144,0.658456,0.411032,-0.024232,0.662065,0.300359,-0.046826,0.643724,0.268683,-0.064446,0.619704,0.269263,-0.074507,0.7102,0.44443,-0.043327,0.708067,0.384551,-0.066407,0.694035,0.414194,-0.072175,0.677176,0.463358,-0.073786
1781673677.9061928,212,0,Left,0.711718,0.681277,0.0,0.633198,0.689381,-0.025284,0.550857,0.657146,-0.039962,0.503883,0.60844,-0.05535,0.523603,0.571782,-0.069239,0.555772,0.44893,-0.002764,0.516877,0.372082,-0.02644,0.488793,0.342998,-0.051466,0.463598,0.341104,-0.068301,0.605898,0.411962,-0.010717,0.588239,0.302005,-0.026641,0.56959,0.254703,-0.044223,0.549019,0.244688,-0.056135,0.658618,0.411211,-0.025299,0.660794,0.298561,-0.047305,0.648153,0.269727,-0.064303,0.627998,0.275091,-0.074793,0.711275,0.440233,-0.042735,0.712987,0.372467,-0.065508,0.70072,0.39626,-0.072254,0.683206,0.442658,-0.07529
1781673677.9394217,213,0,Left,0.711869,0.677012,0.0,0.633111,0.688085,-0.031242,0.554295,0.657352,-0.050635,0.508608,0.618233,-0.069435,0.51141,0.571829,-0.086842,0.558613,0.44764,-0.016149,0.523389,0.366842,-0.044962,0.494898,0.333762,-0.073617,0.469702,0.329944,-0.092497,0.608407,0.41062,-0.022236,0.587204,0.299286,-0.047028,0.568183,0.258216,-0.070878,0.55082,0.260753,-0.085677,0.660477,0.409269,-0.034407,0.65777,0.29608,-0.063989,0.648649,0.279081,-0.083812,0.634235,0.300962,-0.094114,0.712999,0.436658,-0.049366,0.717679,0.359839,-0.080019,0.712346,0.369368,-0.091116,0.702448,0.406574,-0.095057
1781673677.9734375,214,0,Left,0.709654,0.676885,0.0,0.632173,0.687727,-0.030318,0.556624,0.656997,-0.047876,0.515023,0.619653,-0.064866,0.4924,0.57813,-0.080068,0.562619,0.446676,-0.019945,0.529858,0.363851,-0.049838,0.502509,0.32661,-0.077281,0.480084,0.326364,-0.093106,0.610939,0.40923,-0.025099,0.58675,0.293492,-0.053651,0.574515,0.26209,-0.075271,0.569896,0.290583,-0.08404,0.662328,0.404241,-0.035642,0.65606,0.291087,-0.065102,0.648646,0.277722,-0.078302,0.640908,0.31412,-0.080491,0.716175,0.425892,-0.049225,0.722702,0.340027,-0.078186,0.716049,0.341304,-0.085765,0.707192,0.382251,-0.0841
1781673678.0063634,215,0,Left,0.714535,0.683124,0.0,0.630005,0.692494,-0.034984,0.549994,0.658085,-0.055734,0.500935,0.614981,-0.075474,0.463813,0.566833,-0.092753,0.569217,0.448641,-0.025033,0.539846,0.358548,-0.05829,0.514571,0.322875,-0.087171,0.494522,0.325666,-0.103519,0.616451,0.414526,-0.028296,0.591253,0.28857,-0.064598,0.584692,0.283275,-0.088622,0.586857,0.335657,-0.096731,0.668233,0.406967,-0.037113,0.653154,0.289995,-0.070262,0.647785,0.290224,-0.083968,0.645529,0.337918,-0.085222,0.724152,0.42147,-0.049475,0.730579,0.322379,-0.079193,0.721022,0.312088,-0.089444,0.709693,0.346959,-0.089663
1781673678.0395076,216,0,Left,0.718269,0.685328,-0.0,0.630796,0.691678,-0.034128,0.54849,0.651769,-0.053555,0.492086,0.606591,-0.07206,0.444036,0.56813,-0.087847,0.57038,0.445182,-0.02119,0.543134,0.351713,-0.053965,0.520354,0.317142,-0.081643,0.504708,0.32506,-0.097019,0.618346,0.412262,-0.024389,0.59332,0.288541,-0.062787,0.589577,0.290729,-0.086435,0.595617,0.352248,-0.093385,0.670576,0.40479,-0.033446,0.653159,0.289671,-0.067869,0.649992,0.288795,-0.081601,0.652733,0.337791,-0.082426,0.726728,0.418025,-0.045958,0.730696,0.32121,-0.077981,0.723365,0.306197,-0.090734,0.716333,0.336681,-0.092405
1781673678.0729663,217,0,Left,0.718387,0.689523,-0.0,0.630895,0.694335,-0.035403,0.549105,0.651259,-0.056943,0.491414,0.606958,-0.078396,0.441032,0.569113,-0.096772,0.572351,0.446871,-0.024376,0.543272,0.34129,-0.065463,0.522925,0.313504,-0.098985,0.513681,0.340007,-0.115465,0.620211,0.41658,-0.027631,0.598505,0.291843,-0.070615,0.5901,0.288409,-0.098607,0.59369,0.352141,-0.108095,0.672134,0.409695,-0.037493,0.656845,0.290375,-0.073823,0.64933,0.281357,-0.089495,0.649742,0.332546,-0.091129,0.727907,0.420512,-0.051131,0.731528,0.319351,-0.08462,0.722426,0.299278,-0.098697,0.714068,0.331555,-0.100386
1781673678.106736,218,0,Left,0.716737,0.689482,-0.0,0.632001,0.694083,-0.035159,0.549479,0.649718,-0.057836,0.490988,0.605323,-0.081156,0.443609,0.564191,-0.10081,0.572427,0.447906,-0.025683,0.542045,0.334786,-0.072556,0.529878,0.321938,-0.109709,0.53347,0.369714,-0.126659,0.621054,0.419898,-0.029116,0.603133,0.290856,-0.075741,0.593105,0.294108,-0.106793,0.59717,0.363034,-0.117972,0.672246,0.414282,-0.039435,0.659669,0.293888,-0.075098,0.64969,0.290265,-0.090882,0.650028,0.346427,-0.092784,0.726217,0.424739,-0.053746,0.728538,0.324489,-0.0845,0.719149,0.303445,-0.097515,0.711964,0.333333,-0.098721
1781673678.1397214,219,0,Left,0.713466,0.687664,-0.0,0.630163,0.691911,-0.033881,0.549447,0.649857,-0.057284,0.492775,0.609914,-0.08155,0.452007,0.564564,-0.101885,0.571696,0.447893,-0.02762,0.541922,0.328793,-0.075828,0.531846,0.326575,-0.112643,0.538744,0.384289,-0.128567,0.620342,0.42128,-0.031272,0.604394,0.28755,-0.076897,0.59433,0.296939,-0.106031,0.598253,0.367584,-0.115974,0.671362,0.416153,-0.041693,0.660077,0.29243,-0.075799,0.649468,0.294447,-0.090122,0.649476,0.353021,-0.091443,0.724937,0.4273,-0.055974,0.727718,0.326608,-0.08463,0.717167,0.309021,-0.09569,0.709262,0.340632,-0.095812
1781673678.174899,220,0,Left,0.7148,0.687961,-0.0,0.631528,0.693588,-0.034592,0.552072,0.654691,-0.058745,0.498823,0.612249,-0.083693,0.462285,0.561806,-0.104877,0.571185,0.450481,-0.024294,0.541274,0.334147,-0.069849,0.531014,0.333412,-0.106604,0.536355,0.386927,-0.12354,0.619048,0.421282,-0.027867,0.602521,0.289534,-0.068177,0.593753,0.297506,-0.096487,0.598047,0.360516,-0.108176,0.669747,0.414318,-0.038353,0.65924,0.292992,-0.069681,0.648988,0.30013,-0.084835,0.648869,0.356564,-0.088639,0.723521,0.425629,-0.052768,0.724626,0.325384,-0.077635,0.713501,0.317651,-0.086254,0.705864,0.3557,-0.086466
1781673678.2068653,221,0,Left,0.716323,0.688105,-0.0,0.632992,0.69276,-0.032716,0.554937,0.655618,-0.056249,0.50443,0.614335,-0.080746,0.47847,0.562809,-0.101569,0.57055,0.453214,-0.019348,0.536459,0.344164,-0.062087,0.526885,0.343256,-0.098017,0.534929,0.389218,-0.115476,0.618272,0.42132,-0.02399,0.599988,0.290854,-0.060221,0.590506,0.294399,-0.086865,0.595417,0.349843,-0.09853,0.668976,0.413604,-0.035464,0.658794,0.292949,-0.064153,0.647646,0.298903,-0.077723,0.647876,0.351033,-0.081385,0.722511,0.427223,-0.050809,0.720842,0.331371,-0.072682,0.711141,0.328156,-0.078333,0.707085,0.365885,-0.077239
1781673678.2417974,222,0,Left,0.716825,0.685524,-0.0,0.6339,0.692196,-0.034878,0.555404,0.65429,-0.059575,0.505,0.615024,-0.084875,0.487177,0.559816,-0.106418,0.568858,0.453433,-0.022298,0.535954,0.346454,-0.066943,0.52736,0.350617,-0.104107,0.537009,0.399425,-0.122676,0.617425,0.420853,-0.026642,0.599495,0.288507,-0.065625,0.590895,0.298829,-0.09383,0.596238,0.357298,-0.10616,0.669063,0.413281,-0.037942,0.659443,0.293642,-0.06779,0.649429,0.299169,-0.082447,0.65156,0.350222,-0.086879,0.722724,0.428479,-0.053355,0.721543,0.333412,-0.075784,0.711702,0.328703,-0.082691,0.708851,0.363625,-0.082786
1781673678.27584,223,0,Left,0.715039,0.681443,-0.0,0.634932,0.691167,-0.034204,0.554919,0.655864,-0.059573,0.504225,0.615659,-0.08539,0.486095,0.560112,-0.106823,0.563714,0.449323,-0.026113,0.530613,0.346749,-0.07046,0.52222,0.345872,-0.103889,0.532077,0.397765,-0.119172,0.613936,0.414273,-0.031036,0.592446,0.282944,-0.071263,0.587249,0.298424,-0.094484,0.593358,0.361501,-0.101817,0.668194,0.407209,-0.042502,0.657309,0.288235,-0.073908,0.651804,0.308282,-0.079726,0.653392,0.363874,-0.0769,0.72496,0.425248,-0.057983,0.727053,0.328558,-0.081606,0.716369,0.33756,-0.082868,0.70933,0.380605,-0.0776
1781673678.3072367,224,0,Left,0.718129,0.685883,0.0,0.635265,0.69264,-0.033912,0.556702,0.658157,-0.057442,0.50806,0.620262,-0.080433,0.478231,0.571128,-0.099816,0.565484,0.449931,-0.026752,0.528156,0.349086,-0.070607,0.51169,0.333362,-0.106091,0.51122,0.371708,-0.12292,0.613606,0.411837,-0.03027,0.58148,0.291859,-0.065938,0.573306,0.27279,-0.090734,0.576989,0.317793,-0.101031,0.667549,0.405124,-0.04063,0.649033,0.292418,-0.072092,0.644469,0.27664,-0.085736,0.641899,0.314655,-0.088802,0.725419,0.423484,-0.054527,0.732092,0.332697,-0.084593,0.724316,0.316675,-0.095187,0.713739,0.344292,-0.095836
1781673678.342223,225,0,Left,0.720042,0.694993,0.0,0.632281,0.693202,-0.028542,0.552824,0.654905,-0.043491,0.498831,0.615158,-0.057417,0.452808,0.575996,-0.070086,0.569966,0.452348,-0.012826,0.527682,0.370319,-0.035544,0.499268,0.331691,-0.058618,0.472589,0.307192,-0.074784,0.617037,0.414133,-0.017063,0.584565,0.310893,-0.030976,0.558693,0.25686,-0.047582,0.533007,0.2239,-0.060216,0.668948,0.405693,-0.027305,0.655678,0.30381,-0.044259,0.642449,0.252226,-0.056424,0.624025,0.217271,-0.06532,0.723592,0.423073,-0.04103,0.737858,0.344778,-0.058356,0.737897,0.301184,-0.06541,0.731684,0.26914,-0.069192
1781673678.372847,226,0,Left,0.723613,0.692435,0.0,0.637143,0.692387,-0.032752,0.554137,0.653026,-0.04995,0.49195,0.618298,-0.064844,0.440071,0.597873,-0.079882,0.575019,0.45618,-0.027739,0.521274,0.368011,-0.051726,0.485987,0.318682,-0.073498,0.4554,0.278336,-0.090029,0.619788,0.416515,-0.031961,0.577917,0.302258,-0.050813,0.548895,0.233242,-0.070614,0.522646,0.176949,-0.085906,0.671468,0.407989,-0.041296,0.6556,0.296861,-0.065348,0.64263,0.228919,-0.085802,0.627232,0.17054,-0.100327,0.725799,0.424198,-0.053476,0.741229,0.33601,-0.077745,0.748334,0.27892,-0.090602,0.751427,0.226599,-0.098941
1781673678.4070697,227,0,Left,0.724122,0.695417,1e-06,0.636302,0.691636,-0.029902,0.55046,0.651827,-0.046826,0.484803,0.62293,-0.062009,0.430031,0.615636,-0.078563,0.574974,0.454743,-0.03153,0.517661,0.362588,-0.055343,0.48165,0.306556,-0.076523,0.45125,0.257971,-0.093182,0.62057,0.415088,-0.037834,0.577582,0.29529,-0.058021,0.548711,0.22029,-0.079239,0.523327,0.157717,-0.095616,0.673459,0.406745,-0.048237,0.65997,0.287374,-0.074369,0.648916,0.210157,-0.098022,0.636201,0.143626,-0.114789,0.728114,0.424481,-0.060739,0.747399,0.331455,-0.087308,0.758674,0.269647,-0.10179,0.766227,0.213203,-0.111309
1781673678.4401157,228,0,Left,0.728096,0.699048,1e-06,0.640374,0.69316,-0.03053,0.55317,0.654909,-0.048694,0.484601,0.633817,-0.065268,0.427734,0.636522,-0.08364,0.577228,0.454426,-0.032911,0.518729,0.359684,-0.057383,0.483336,0.299833,-0.079097,0.454628,0.247969,-0.096186,0.622425,0.414236,-0.039416,0.580485,0.293467,-0.059696,0.552638,0.216838,-0.081153,0.528819,0.153039,-0.097959,0.67508,0.406215,-0.050104,0.664683,0.284633,-0.076361,0.655943,0.205651,-0.100767,0.645697,0.137704,-0.118325,0.728992,0.42583,-0.062983,0.750817,0.333724,-0.089736,0.76419,0.27179,-0.10459,0.773695,0.215273,-0.114628
1781673678.4734747,229,0,Left,0.731706,0.69933,1e-06,0.642516,0.691721,-0.030996,0.554754,0.654223,-0.048462,0.485487,0.638006,-0.064371,0.429258,0.645356,-0.082295,0.580747,0.454208,-0.032897,0.520355,0.358132,-0.057076,0.484648,0.295197,-0.078126,0.45712,0.240859,-0.094773,0.626434,0.413969,-0.039117,0.584959,0.292713,-0.058904,0.558067,0.215098,-0.079841,0.536185,0.150827,-0.096429,0.67857,0.406208,-0.049722,0.669763,0.282877,-0.076294,0.661894,0.204415,-0.101274,0.652974,0.137328,-0.119219,0.731604,0.426656,-0.062574,0.756141,0.335494,-0.090407,0.770794,0.273807,-0.106383,0.781406,0.217386,-0.117203
1781673678.5073807,230,0,Left,0.734492,0.703576,1e-06,0.645246,0.694436,-0.029485,0.557568,0.655313,-0.046194,0.488259,0.640922,-0.061893,0.432166,0.6505,-0.079693,0.581386,0.454394,-0.029821,0.521764,0.35737,-0.053177,0.486495,0.293691,-0.073689,0.45981,0.23915,-0.090029,0.627597,0.413544,-0.037026,0.586577,0.29236,-0.056347,0.560543,0.214392,-0.077256,0.540094,0.150147,-0.093733,0.680363,0.405228,-0.048647,0.672154,0.281718,-0.075323,0.665961,0.203237,-0.100574,0.658898,0.136412,-0.118594,0.734212,0.425741,-0.062414,0.760479,0.335284,-0.090386,0.776818,0.274278,-0.106507,0.789071,0.218621,-0.117356
1781673678.540349,231,0,Left,0.734894,0.70347,1e-06,0.64509,0.694177,-0.029176,0.556724,0.65562,-0.045377,0.487806,0.642637,-0.060619,0.43262,0.653808,-0.077934,0.583919,0.453328,-0.029211,0.524412,0.354949,-0.051522,0.489794,0.291201,-0.071193,0.463499,0.237191,-0.08695,0.630703,0.412335,-0.036288,0.590701,0.290091,-0.054325,0.565815,0.212233,-0.074483,0.546365,0.148323,-0.090565,0.683383,0.40363,-0.047772,0.674972,0.280013,-0.073389,0.669117,0.201398,-0.098703,0.662365,0.134239,-0.117056,0.736993,0.424063,-0.061421,0.764945,0.335034,-0.089263,0.782594,0.275169,-0.105766,0.796146,0.220475,-0.116913
1781673678.5730655,232,0,Left,0.737454,0.70338,1e-06,0.646258,0.693055,-0.030537,0.556654,0.652928,-0.046563,0.487303,0.637885,-0.0616,0.431299,0.646638,-0.078439,0.585852,0.452266,-0.028183,0.527606,0.352967,-0.050392,0.493369,0.287862,-0.070112,0.467473,0.232931,-0.08604,0.633229,0.411968,-0.034591,0.593392,0.289988,-0.052306,0.569293,0.211348,-0.072109,0.551437,0.146615,-0.088169,0.686305,0.404092,-0.045818,0.67801,0.281332,-0.071563,0.672901,0.20356,-0.09643,0.667331,0.136879,-0.114516,0.740468,0.424887,-0.059482,0.768773,0.336688,-0.087758,0.787298,0.277407,-0.104429,0.801814,0.222995,-0.115746
1781673678.607178,233,0,Left,0.738414,0.704269,1e-06,0.64761,0.692981,-0.029028,0.557546,0.651339,-0.043815,0.488143,0.636857,-0.057801,0.432377,0.646174,-0.073664,0.586671,0.450359,-0.025678,0.529729,0.351017,-0.046312,0.496462,0.285951,-0.065059,0.471159,0.231832,-0.080408,0.634749,0.410341,-0.032412,0.596551,0.287909,-0.048724,0.573749,0.209795,-0.067877,0.556843,0.146068,-0.083523,0.688446,0.402598,-0.043846,0.680742,0.279243,-0.068483,0.676089,0.20193,-0.093094,0.67077,0.135823,-0.111102,0.743078,0.423693,-0.057581,0.771068,0.335557,-0.085159,0.789661,0.276892,-0.101502,0.804424,0.22346,-0.112596
1781673678.6402237,234,0,Left,0.738075,0.703609,1e-06,0.648169,0.690589,-0.029067,0.557648,0.649441,-0.044183,0.488187,0.634331,-0.058535,0.432319,0.64274,-0.074622,0.588847,0.449828,-0.026367,0.531681,0.348976,-0.047077,0.498559,0.283821,-0.065562,0.473567,0.229491,-0.080556,0.636711,0.410328,-0.032906,0.598574,0.287256,-0.049105,0.575878,0.208604,-0.067677,0.559534,0.144628,-0.082902,0.689944,0.402413,-0.044149,0.682579,0.279536,-0.068234,0.677785,0.201582,-0.092138,0.672789,0.13533,-0.109723,0.744259,0.422767,-0.057752,0.772521,0.334598,-0.084363,0.790637,0.274863,-0.100123,0.805119,0.220558,-0.110933
1781673678.673652,235,0,Left,0.741273,0.702641,1e-06,0.649703,0.690611,-0.028509,0.558872,0.648106,-0.043256,0.489001,0.632713,-0.057369,0.432509,0.641171,-0.073312,0.590545,0.447408,-0.024996,0.534754,0.346202,-0.045416,0.502635,0.280463,-0.064124,0.478116,0.225917,-0.079423,0.638938,0.409157,-0.031929,0.601479,0.285467,-0.047839,0.578896,0.206831,-0.066693,0.561845,0.142816,-0.082266,0.692828,0.40233,-0.043584,0.685308,0.278148,-0.067465,0.680618,0.200108,-0.091453,0.675032,0.133591,-0.109165,0.74728,0.423874,-0.057572,0.774525,0.334743,-0.083896,0.79209,0.274501,-0.099604,0.805781,0.21961,-0.110516
1781673678.7068574,236,0,Left,0.740434,0.702241,1e-06,0.64994,0.689864,-0.028954,0.559412,0.647192,-0.043806,0.48966,0.631213,-0.057863,0.433522,0.638464,-0.073599,0.592481,0.447169,-0.025405,0.536049,0.345631,-0.045464,0.504272,0.279924,-0.063796,0.480712,0.225354,-0.078781,0.64059,0.408116,-0.031852,0.602555,0.284012,-0.047191,0.580019,0.205283,-0.065541,0.563558,0.141683,-0.080768,0.694228,0.400507,-0.043024,0.686793,0.275577,-0.066513,0.682589,0.19774,-0.09016,0.677628,0.131772,-0.107675,0.748618,0.421492,-0.056575,0.776731,0.33238,-0.083177,0.794771,0.272548,-0.098939,0.809004,0.218179,-0.109752
1781673678.7431731,237,0,Left,0.74205,0.702447,1e-06,0.65093,0.690222,-0.030029,0.560576,0.647345,-0.045924,0.490738,0.629436,-0.060866,0.434308,0.635107,-0.077503,0.593302,0.44769,-0.028205,0.536441,0.344907,-0.049766,0.504092,0.278551,-0.068805,0.480264,0.222868,-0.084091,0.64154,0.408533,-0.034513,0.603494,0.283898,-0.051311,0.580519,0.204837,-0.070084,0.56369,0.140146,-0.085461,0.695407,0.401224,-0.04552,0.687885,0.275769,-0.069811,0.683756,0.19805,-0.093059,0.678914,0.13174,-0.11012,0.750105,0.422099,-0.059003,0.776464,0.331662,-0.085481,0.793945,0.271329,-0.100614,0.807965,0.216259,-0.110945
1781673678.7739544,238,0,Left,0.744795,0.701339,1e-06,0.653493,0.689623,-0.028837,0.561284,0.646139,-0.043888,0.490179,0.62914,-0.05812,0.433407,0.636529,-0.074171,0.59446,0.446936,-0.026933,0.537232,0.343943,-0.047696,0.505028,0.277688,-0.0663,0.481344,0.222143,-0.081421,0.642451,0.408213,-0.03352,0.604063,0.283724,-0.04973,0.581138,0.204998,-0.068345,0.564377,0.140429,-0.083656,0.696259,0.400886,-0.044672,0.687506,0.2751,-0.068445,0.682676,0.197194,-0.091856,0.677367,0.130579,-0.109156,0.751179,0.421568,-0.058153,0.776739,0.33115,-0.084517,0.793429,0.270369,-0.099864,0.80677,0.214646,-0.110379
1781673678.8064797,239,0,Left,0.743518,0.702965,1e-06,0.651686,0.690638,-0.028637,0.561551,0.648693,-0.043951,0.491818,0.631464,-0.058629,0.435391,0.637117,-0.075073,0.593921,0.447996,-0.025824,0.537578,0.345806,-0.046662,0.505926,0.279883,-0.065518,0.482624,0.224598,-0.080783,0.642363,0.409183,-0.032782,0.603694,0.28383,-0.04893,0.580686,0.204637,-0.067784,0.563757,0.140127,-0.083342,0.696364,0.401724,-0.044405,0.687541,0.275553,-0.068089,0.682558,0.19722,-0.091473,0.676858,0.130743,-0.108791,0.751345,0.422269,-0.058386,0.776813,0.330671,-0.084374,0.793246,0.26922,-0.099458,0.806074,0.21335,-0.109878
1781673678.8404827,240,0,Left,0.746235,0.702491,1e-06,0.654492,0.69065,-0.030303,0.563366,0.64834,-0.046147,0.491804,0.63298,-0.060913,0.434276,0.640242,-0.07728,0.595732,0.447963,-0.027559,0.538855,0.344178,-0.048505,0.506672,0.277208,-0.067196,0.482864,0.221273,-0.082385,0.643614,0.409497,-0.033678,0.603874,0.284164,-0.05017,0.580478,0.204866,-0.068873,0.563362,0.140102,-0.084193,0.69752,0.402136,-0.044573,0.687803,0.276328,-0.068881,0.682549,0.197677,-0.092541,0.676729,0.130241,-0.109858,0.752549,0.422198,-0.057917,0.777309,0.330453,-0.084715,0.793928,0.26844,-0.100317,0.80705,0.211375,-0.110975
1781673678.8737972,241,0,Left,0.747366,0.703989,1e-06,0.654925,0.691993,-0.028066,0.563268,0.649965,-0.042933,0.492421,0.632774,-0.057224,0.435582,0.640384,-0.073342,0.595846,0.451675,-0.025786,0.540217,0.347838,-0.046458,0.508394,0.280623,-0.065055,0.484717,0.224362,-0.080199,0.644271,0.413689,-0.032992,0.605133,0.287278,-0.049244,0.581526,0.207439,-0.068103,0.564173,0.141821,-0.083673,0.698301,0.406217,-0.044716,0.688668,0.279183,-0.068275,0.6827,0.199794,-0.091406,0.676298,0.132274,-0.108577,0.75379,0.425645,-0.058731,0.777802,0.332744,-0.084331,0.793712,0.269956,-0.098981,0.806238,0.212832,-0.109172
1781673678.9072132,242,0,Left,0.746752,0.705558,1e-06,0.65425,0.692161,-0.0288,0.563553,0.650667,-0.044331,0.493699,0.634071,-0.059174,0.43731,0.639349,-0.075788,0.596142,0.453339,-0.027252,0.539607,0.349456,-0.048996,0.507333,0.282162,-0.06814,0.483283,0.225451,-0.08358,0.644605,0.414979,-0.034399,0.605004,0.289264,-0.051886,0.581395,0.209206,-0.071264,0.563874,0.142887,-0.087059,0.698676,0.406936,-0.046166,0.688141,0.280987,-0.070909,0.681938,0.201351,-0.0945,0.675334,0.13285,-0.111838,0.754138,0.425819,-0.060257,0.777594,0.333381,-0.086945,0.793085,0.270551,-0.102213,0.805206,0.212704,-0.112751
1781673678.9403987,243,0,Left,0.747177,0.705521,1e-06,0.655002,0.694111,-0.030693,0.565004,0.653474,-0.047549,0.493472,0.637558,-0.063371,0.43501,0.644055,-0.080997,0.596668,0.453335,-0.029271,0.540658,0.349059,-0.051521,0.507889,0.281643,-0.071244,0.48322,0.224603,-0.087176,0.644839,0.414744,-0.035692,0.60524,0.287964,-0.053553,0.581333,0.207141,-0.073556,0.563455,0.140269,-0.089833,0.699402,0.40688,-0.046779,0.687777,0.280502,-0.071828,0.681137,0.200327,-0.095861,0.674031,0.131558,-0.113461,0.755449,0.426134,-0.06032,0.778441,0.332886,-0.087147,0.793559,0.269427,-0.102554,0.805279,0.211562,-0.113141
1781673678.9740846,244,0,Left,0.748816,0.708897,1e-06,0.656278,0.696377,-0.030384,0.565952,0.654352,-0.04695,0.49423,0.637089,-0.062561,0.435565,0.64212,-0.079795,0.596491,0.455946,-0.027893,0.540916,0.351153,-0.050234,0.508396,0.282889,-0.070014,0.484044,0.225443,-0.085931,0.644679,0.417386,-0.034517,0.605124,0.290298,-0.052352,0.581128,0.209267,-0.072059,0.563263,0.142426,-0.088042,0.699015,0.409836,-0.045925,0.687729,0.282838,-0.071133,0.681609,0.202671,-0.094623,0.675076,0.133994,-0.111703,0.754902,0.429379,-0.059802,0.777796,0.335959,-0.086887,0.793259,0.272565,-0.102077,0.80536,0.214571,-0.112374
1781673679.0068166,245,0,Left,0.747719,0.709772,1e-06,0.654276,0.697585,-0.029826,0.563765,0.656614,-0.046201,0.493605,0.638383,-0.061708,0.435651,0.641756,-0.078954,0.596933,0.459093,-0.029256,0.542265,0.352715,-0.051944,0.510934,0.28345,-0.071798,0.487625,0.224578,-0.08764,0.645628,0.420721,-0.036184,0.606692,0.293322,-0.054294,0.583232,0.211439,-0.074238,0.565813,0.143451,-0.090533,0.699791,0.412318,-0.047716,0.689785,0.285755,-0.072567,0.683688,0.205565,-0.095903,0.676858,0.137174,-0.1131,0.755478,0.430706,-0.061702,0.778535,0.336092,-0.087946,0.793925,0.272086,-0.102703,0.805617,0.213972,-0.11295
1781673679.0404263,246,0,Left,0.749207,0.708865,1e-06,0.657199,0.697267,-0.032435,0.566716,0.656556,-0.050021,0.495469,0.638162,-0.066065,0.437135,0.640483,-0.083695,0.597741,0.460405,-0.033129,0.542838,0.353102,-0.056941,0.511604,0.283706,-0.077024,0.488249,0.224578,-0.093014,0.646493,0.421426,-0.038839,0.607147,0.293625,-0.058503,0.583526,0.211868,-0.078895,0.565809,0.14329,-0.095352,0.700977,0.413147,-0.049229,0.69015,0.285818,-0.075923,0.68368,0.205496,-0.099764,0.676645,0.136174,-0.117061,0.757294,0.431771,-0.062147,0.780098,0.337891,-0.090503,0.795199,0.273935,-0.106326,0.806822,0.215037,-0.117055
1781673679.074002,247,0,Left,0.747252,0.71226,1e-06,0.654486,0.698475,-0.02985,0.564652,0.656044,-0.045969,0.494821,0.637417,-0.061203,0.437479,0.64048,-0.078147,0.598347,0.459676,-0.028889,0.543884,0.35281,-0.051726,0.512617,0.283468,-0.071613,0.489423,0.224693,-0.08751,0.64709,0.422014,-0.035731,0.608475,0.293568,-0.054193,0.585657,0.211394,-0.074044,0.569069,0.143343,-0.090167,0.701199,0.414316,-0.04725,0.690303,0.286145,-0.072681,0.683943,0.205908,-0.096133,0.677303,0.137227,-0.113354,0.757138,0.433394,-0.061193,0.780605,0.339212,-0.088602,0.796116,0.275184,-0.104032,0.808095,0.216595,-0.114605
1781673679.1074843,248,0,Left,0.748347,0.713942,1e-06,0.655863,0.701274,-0.0298,0.565168,0.658163,-0.04613,0.494704,0.638132,-0.061439,0.437052,0.641539,-0.078507,0.60066,0.461312,-0.029905,0.545752,0.353861,-0.052561,0.513676,0.284628,-0.0723,0.489499,0.226003,-0.088162,0.648809,0.423843,-0.03668,0.610294,0.294973,-0.054873,0.587541,0.21308,-0.07432,0.570743,0.144746,-0.090158,0.70272,0.416598,-0.047971,0.692161,0.288385,-0.072823,0.685957,0.207747,-0.095601,0.679447,0.138461,-0.112413,0.758426,0.436062,-0.061705,0.78145,0.341776,-0.088081,0.796912,0.277682,-0.102643,0.809064,0.218852,-0.112713
1781673679.1406877,249,0,Left,0.746802,0.713764,1e-06,0.655432,0.699569,-0.029787,0.567105,0.65802,-0.047418,0.496682,0.638504,-0.064189,0.438132,0.640872,-0.08287,0.600487,0.46248,-0.03188,0.546236,0.354553,-0.05592,0.514642,0.285149,-0.076473,0.491087,0.226017,-0.092728,0.64909,0.424812,-0.039062,0.61096,0.29514,-0.0586,0.588036,0.212483,-0.078911,0.570925,0.143351,-0.095258,0.70342,0.417843,-0.05061,0.693046,0.288141,-0.076634,0.686646,0.207034,-0.09985,0.679895,0.137626,-0.116803,0.75925,0.438087,-0.064466,0.783416,0.343564,-0.091814,0.798847,0.279582,-0.106577,0.810777,0.221234,-0.116565
1781673679.174055,250,0,Left,0.749143,0.712659,1e-06,0.656579,0.701483,-0.031925,0.567791,0.660416,-0.050098,0.49809,0.640078,-0.066821,0.439395,0.641521,-0.085295,0.601621,0.463066,-0.034125,0.548396,0.355555,-0.058534,0.516542,0.286032,-0.079213,0.492265,0.226831,-0.095659,0.65,0.42587,-0.040375,0.613039,0.29615,-0.060302,0.590868,0.213364,-0.080485,0.574294,0.144357,-0.096834,0.704036,0.419842,-0.051215,0.695164,0.291354,-0.077635,0.690157,0.210427,-0.10098,0.684427,0.140743,-0.118074,0.759631,0.440794,-0.064581,0.783752,0.346448,-0.092327,0.799523,0.281998,-0.107637,0.811738,0.222473,-0.118151
1781673679.20736,251,0,Left,0.749337,0.715423,1e-06,0.656536,0.701539,-0.030221,0.567401,0.658911,-0.047293,0.497956,0.638636,-0.063209,0.440009,0.641041,-0.080979,0.601922,0.46341,-0.032295,0.54762,0.354913,-0.055976,0.516604,0.285131,-0.075995,0.493574,0.226027,-0.091815,0.650838,0.426543,-0.03925,0.61408,0.296298,-0.058613,0.592506,0.213328,-0.078547,0.576977,0.14459,-0.094554,0.704804,0.420376,-0.050678,0.696896,0.290713,-0.076794,0.691638,0.209612,-0.100436,0.685912,0.139962,-0.117669,0.760239,0.441251,-0.064408,0.785469,0.346707,-0.092017,0.801494,0.28258,-0.107308,0.813781,0.223609,-0.117744
1781673679.2410004,252,0,Left,0.749772,0.715778,1e-06,0.657934,0.702275,-0.029793,0.568243,0.659054,-0.04684,0.497951,0.638355,-0.062773,0.439478,0.64054,-0.080604,0.60226,0.46188,-0.031859,0.548798,0.353062,-0.054976,0.518284,0.28296,-0.074875,0.495403,0.223828,-0.090771,0.651643,0.425114,-0.038928,0.615127,0.294118,-0.057459,0.593211,0.211956,-0.077127,0.576581,0.144101,-0.09311,0.706317,0.419179,-0.050344,0.697488,0.288527,-0.075714,0.691411,0.207751,-0.098898,0.684738,0.138624,-0.116004,0.762196,0.440738,-0.064024,0.786755,0.346069,-0.091237,0.802348,0.282163,-0.106174,0.814189,0.223314,-0.116384
1781673679.2740903,253,0,Left,0.750184,0.715493,1e-06,0.658841,0.701066,-0.029664,0.568984,0.656986,-0.04675,0.4987,0.635998,-0.062873,0.440162,0.638582,-0.080884,0.603334,0.461285,-0.031517,0.550866,0.352818,-0.05506,0.520117,0.283184,-0.075347,0.496887,0.224128,-0.091542,0.652325,0.42456,-0.038887,0.615373,0.294227,-0.05813,0.593269,0.21148,-0.078353,0.576816,0.14238,-0.094693,0.706997,0.418568,-0.050609,0.697639,0.289038,-0.076436,0.692145,0.208192,-0.099579,0.686131,0.138939,-0.116549,0.763283,0.439612,-0.064639,0.787167,0.344832,-0.09177,0.803126,0.281009,-0.106376,0.815547,0.222787,-0.116353
1781673679.3075535,254,0,Left,0.752152,0.711914,1e-06,0.659653,0.699595,-0.030521,0.570085,0.656797,-0.047943,0.500424,0.634593,-0.064303,0.442363,0.636396,-0.082469,0.603903,0.459726,-0.031911,0.551316,0.351794,-0.055833,0.520861,0.282453,-0.076393,0.49798,0.223473,-0.092755,0.653069,0.422927,-0.038883,0.616698,0.293805,-0.058662,0.594829,0.211298,-0.079096,0.578695,0.142125,-0.095529,0.707574,0.41689,-0.050377,0.698584,0.288216,-0.076968,0.693443,0.207731,-0.100403,0.68812,0.13843,-0.117413,0.76341,0.437783,-0.064238,0.787484,0.344274,-0.092246,0.803424,0.280619,-0.107368,0.816177,0.221987,-0.117582
1781673679.340847,255,0,Left,0.750258,0.713994,1e-06,0.65828,0.699467,-0.029499,0.569181,0.655753,-0.046569,0.500069,0.633982,-0.062655,0.442463,0.635967,-0.080729,0.604651,0.45989,-0.032004,0.551604,0.350796,-0.055745,0.520958,0.280632,-0.076241,0.498164,0.221246,-0.092502,0.654027,0.424176,-0.039373,0.618258,0.293728,-0.058762,0.596646,0.210624,-0.079144,0.580645,0.141354,-0.095616,0.70818,0.41847,-0.051048,0.699466,0.288323,-0.076863,0.693991,0.20687,-0.100179,0.688092,0.137065,-0.117364,0.763573,0.439715,-0.065004,0.787881,0.345209,-0.092348,0.803775,0.280765,-0.107263,0.816069,0.221771,-0.117482
1781673679.3736033,256,0,Left,0.751372,0.713842,1e-06,0.65941,0.700043,-0.030068,0.569931,0.655927,-0.047315,0.500811,0.633556,-0.06344,0.443122,0.634679,-0.081457,0.605219,0.459042,-0.032048,0.55263,0.350814,-0.055603,0.521576,0.281482,-0.07605,0.498073,0.222613,-0.092385,0.654194,0.423355,-0.039165,0.617646,0.293019,-0.058494,0.596085,0.21019,-0.07876,0.580217,0.141411,-0.095107,0.708696,0.417959,-0.050688,0.699046,0.289046,-0.076748,0.693759,0.208165,-0.100187,0.688162,0.138541,-0.117314,0.764423,0.439036,-0.064542,0.788031,0.344302,-0.092205,0.804223,0.280332,-0.107306,0.817102,0.221639,-0.117581
1781673679.4078343,257,0,Left,0.749982,0.713061,1e-06,0.658591,0.698583,-0.030872,0.570235,0.655812,-0.048909,0.500797,0.634221,-0.065768,0.442727,0.634833,-0.084421,0.604564,0.459135,-0.032712,0.552537,0.350713,-0.056826,0.52195,0.280849,-0.077559,0.499072,0.221421,-0.093955,0.653456,0.422865,-0.039421,0.617562,0.292807,-0.05897,0.596172,0.209753,-0.079286,0.580343,0.140545,-0.095624,0.708052,0.416792,-0.050619,0.698449,0.288395,-0.076543,0.692782,0.207147,-0.099702,0.686885,0.137418,-0.116615,0.764117,0.437426,-0.064269,0.7878,0.3433,-0.091408,0.80374,0.279279,-0.106142,0.816312,0.22099,-0.116159
1781673679.440429,258,0,Left,0.75095,0.713805,1e-06,0.657984,0.700122,-0.031514,0.569525,0.656472,-0.049805,0.500814,0.633662,-0.066774,0.442643,0.634174,-0.085491,0.605037,0.460144,-0.03309,0.553085,0.351989,-0.057452,0.52222,0.282109,-0.078432,0.498792,0.222802,-0.095023,0.654151,0.424804,-0.039868,0.618771,0.294222,-0.059693,0.596979,0.21136,-0.080032,0.580674,0.142082,-0.096389,0.7085,0.419908,-0.051226,0.699096,0.289699,-0.07746,0.693274,0.208171,-0.100393,0.687359,0.137754,-0.11714,0.764219,0.441785,-0.065107,0.787472,0.345982,-0.092505,0.803474,0.281231,-0.107026,0.816165,0.221813,-0.116891
1781673679.4759912,259,0,Left,0.749437,0.716365,1e-06,0.657905,0.701875,-0.029672,0.569627,0.658135,-0.047068,0.501469,0.635009,-0.063453,0.444044,0.635651,-0.081798,0.60509,0.460735,-0.031779,0.553359,0.352638,-0.055769,0.522841,0.282657,-0.076708,0.499765,0.223043,-0.093401,0.654409,0.425364,-0.039309,0.619009,0.295341,-0.058749,0.597581,0.212502,-0.079142,0.581422,0.143234,-0.095655,0.708745,0.420694,-0.051206,0.699312,0.291059,-0.077093,0.693788,0.209976,-0.100064,0.68785,0.140245,-0.11699,0.764291,0.44319,-0.065445,0.787896,0.348442,-0.092952,0.803741,0.284412,-0.107633,0.816181,0.225691,-0.11764
1781673679.507655,260,0,Left,0.751485,0.714449,1e-06,0.659678,0.702594,-0.033276,0.571862,0.658737,-0.052102,0.502811,0.634425,-0.069216,0.44417,0.633015,-0.08805,0.606186,0.46276,-0.035317,0.55486,0.354722,-0.060354,0.524267,0.284606,-0.081631,0.501114,0.224765,-0.098508,0.654987,0.426674,-0.041212,0.619496,0.296725,-0.062098,0.597979,0.213573,-0.083146,0.581981,0.143588,-0.099972,0.709273,0.421665,-0.051755,0.700323,0.293005,-0.079308,0.694682,0.211863,-0.103304,0.688696,0.141503,-0.120667,0.765153,0.44342,-0.064874,0.789345,0.349298,-0.093841,0.805226,0.285259,-0.109703,0.817694,0.22598,-0.120404
1781673679.5402293,261,0,Left,0.751333,0.718237,1e-06,0.65929,0.704002,-0.029854,0.571011,0.658223,-0.046352,0.503624,0.629911,-0.061708,0.447512,0.624915,-0.078735,0.607806,0.465935,-0.031339,0.557182,0.357583,-0.055762,0.526255,0.28716,-0.076849,0.502788,0.227122,-0.093617,0.656889,0.429863,-0.038445,0.621222,0.300398,-0.058544,0.600056,0.216941,-0.078892,0.584321,0.146468,-0.095288,0.71076,0.424258,-0.050005,0.701348,0.295023,-0.076558,0.696199,0.21394,-0.099215,0.690467,0.144007,-0.1158,0.76616,0.445642,-0.063955,0.790176,0.351831,-0.092268,0.805922,0.287737,-0.107348,0.818382,0.228546,-0.117509
1781673679.5738409,262,0,Left,0.754309,0.718172,1e-06,0.663337,0.706415,-0.034721,0.576502,0.660269,-0.053953,0.509145,0.625806,-0.071228,0.452114,0.611764,-0.089663,0.610489,0.470292,-0.035696,0.561941,0.363782,-0.062323,0.531059,0.294891,-0.084913,0.507146,0.235301,-0.102673,0.65852,0.433792,-0.041118,0.623685,0.304496,-0.063616,0.602513,0.220833,-0.084852,0.586609,0.149538,-0.101625,0.711688,0.428355,-0.05147,0.702242,0.301414,-0.080248,0.698016,0.221025,-0.103034,0.69298,0.150859,-0.119305,0.767058,0.449162,-0.064665,0.790419,0.35634,-0.094406,0.806744,0.293007,-0.109848,0.819691,0.233956,-0.120044
1781673679.6080008,263,0,Left,0.754382,0.716879,1e-06,0.665435,0.706311,-0.032507,0.580293,0.660261,-0.049051,0.516096,0.623304,-0.063752,0.462783,0.604949,-0.079268,0.613085,0.472834,-0.031666,0.566866,0.368999,-0.056459,0.535983,0.304109,-0.077657,0.510901,0.248572,-0.094296,0.661294,0.436764,-0.036967,0.626756,0.311,-0.05757,0.605232,0.229454,-0.077462,0.588534,0.160021,-0.093244,0.714127,0.431219,-0.047107,0.704684,0.310163,-0.074148,0.700492,0.233356,-0.095586,0.694786,0.166413,-0.110818,0.768591,0.450952,-0.05997,0.789504,0.360672,-0.088232,0.803867,0.299632,-0.102753,0.815123,0.242261,-0.112224
1781673679.6448102,264,0,Left,0.756979,0.71591,0.0,0.670532,0.705382,-0.030466,0.588302,0.659508,-0.044269,0.527977,0.620775,-0.056546,0.479689,0.589832,-0.068621,0.615216,0.470347,-0.020192,0.57225,0.375083,-0.042255,0.54307,0.318882,-0.06257,0.517656,0.272928,-0.078125,0.663331,0.436276,-0.024434,0.630696,0.321842,-0.040183,0.609924,0.250304,-0.05749,0.591798,0.191595,-0.071368,0.715953,0.432284,-0.034227,0.705768,0.326504,-0.056309,0.69866,0.260374,-0.074259,0.688284,0.203048,-0.087088,0.770257,0.452367,-0.047024,0.78719,0.372149,-0.069675,0.796416,0.319572,-0.081076,0.802303,0.270115,-0.088507
1781673679.6747415,265,0,Left,0.758698,0.711969,0.0,0.675411,0.704772,-0.025535,0.596012,0.658299,-0.039978,0.545388,0.612362,-0.054072,0.509211,0.570296,-0.066974,0.615847,0.470416,-0.016404,0.584088,0.381144,-0.042878,0.559394,0.339333,-0.067405,0.536703,0.319169,-0.083639,0.663188,0.435579,-0.022416,0.634744,0.331513,-0.043055,0.616207,0.278727,-0.062432,0.599062,0.254843,-0.075673,0.714187,0.430891,-0.033544,0.702173,0.326983,-0.057668,0.696818,0.28344,-0.071728,0.685338,0.267593,-0.079813,0.768901,0.452334,-0.047284,0.783974,0.370124,-0.071787,0.785192,0.335666,-0.080897,0.778385,0.324444,-0.084422
1781673679.7078686,266,0,Left,0.752762,0.709096,-0.0,0.676291,0.702522,-0.027721,0.599923,0.64541,-0.047414,0.553895,0.58416,-0.069534,0.572943,0.540794,-0.088304,0.617556,0.470552,-0.012446,0.588848,0.378575,-0.052864,0.571532,0.381672,-0.083777,0.568014,0.410542,-0.099833,0.664126,0.443981,-0.01926,0.639626,0.322146,-0.06137,0.626756,0.351446,-0.082544,0.629602,0.403168,-0.087271,0.716133,0.439589,-0.032437,0.703868,0.320882,-0.071333,0.688243,0.364207,-0.079181,0.68761,0.424389,-0.073979,0.773095,0.457421,-0.0487,0.776315,0.360036,-0.075258,0.755963,0.377895,-0.079153,0.744249,0.424158,-0.075398
1781673679.748085,267,0,Left,0.755729,0.714809,-0.0,0.685627,0.705273,-0.032236,0.610402,0.641976,-0.054146,0.566172,0.568424,-0.079317,0.60106,0.528862,-0.099106,0.619158,0.476131,-0.009882,0.585541,0.370843,-0.05505,0.577942,0.419412,-0.081666,0.596664,0.466072,-0.093443,0.664149,0.453354,-0.015708,0.635424,0.32829,-0.06249,0.630141,0.411353,-0.072797,0.648637,0.462653,-0.066283,0.713785,0.448972,-0.030076,0.694257,0.324708,-0.069994,0.682934,0.402727,-0.062787,0.695529,0.460595,-0.045416,0.768691,0.460969,-0.048841,0.755308,0.366029,-0.069639,0.736538,0.412314,-0.06264,0.739159,0.462149,-0.050991
1781673679.7819588,268,0,Left,0.764881,0.714118,-1e-06,0.6905,0.703069,-0.025693,0.618807,0.639489,-0.045478,0.581302,0.561139,-0.070888,0.616043,0.51537,-0.091079,0.62258,0.479188,-7.1e-05,0.585843,0.371845,-0.048228,0.582094,0.427938,-0.076221,0.601831,0.475521,-0.087877,0.666958,0.457638,-0.010812,0.636749,0.331226,-0.05947,0.636143,0.417355,-0.070462,0.654749,0.462258,-0.063877,0.714419,0.451262,-0.030435,0.688664,0.33326,-0.070518,0.684611,0.415308,-0.059648,0.702507,0.466836,-0.039536,0.766171,0.459646,-0.054337,0.742682,0.370978,-0.071342,0.730697,0.423218,-0.059027,0.742713,0.468394,-0.04396
1781673679.8145626,269,0,Left,0.768113,0.717503,-1e-06,0.689099,0.697061,-0.026277,0.620131,0.633476,-0.046065,0.581968,0.553241,-0.072345,0.619542,0.50984,-0.093256,0.628339,0.481407,0.009023,0.592959,0.381171,-0.038601,0.589343,0.439843,-0.067191,0.607359,0.485645,-0.079135,0.669657,0.461303,-0.000216,0.637743,0.342447,-0.048925,0.640195,0.431262,-0.0612,0.659886,0.476157,-0.055026,0.715095,0.453596,-0.01911,0.687031,0.337741,-0.059625,0.68437,0.42055,-0.05102,0.703046,0.475855,-0.031341,0.76527,0.459302,-0.042438,0.740507,0.371135,-0.059144,0.728123,0.419274,-0.049129,0.739571,0.464694,-0.035185
1781673679.8479059,270,0,Left,0.771465,0.718713,-1e-06,0.69697,0.70103,-0.024224,0.625653,0.63351,-0.040576,0.588813,0.549844,-0.062831,0.628872,0.506119,-0.079452,0.631347,0.484815,0.008198,0.598426,0.385511,-0.034706,0.596264,0.447538,-0.059647,0.613912,0.49175,-0.070149,0.672742,0.463348,-0.000698,0.644084,0.344633,-0.04519,0.645375,0.432952,-0.054761,0.663989,0.47654,-0.047603,0.717851,0.455821,-0.018454,0.692209,0.341114,-0.055269,0.687966,0.423075,-0.045485,0.704677,0.474161,-0.026104,0.767084,0.461878,-0.040395,0.742471,0.374124,-0.054578,0.728639,0.421466,-0.043768,0.738673,0.464257,-0.030018
1781673679.881973,271,0,Left,0.775423,0.71702,-1e-06,0.701342,0.698253,-0.026767,0.631492,0.633313,-0.0446,0.595951,0.55072,-0.067818,0.635845,0.505038,-0.085182,0.633764,0.485971,0.007817,0.600597,0.38816,-0.035511,0.602664,0.449631,-0.061541,0.622013,0.493184,-0.072601,0.675688,0.463755,0.000195,0.648268,0.346476,-0.044379,0.652501,0.43365,-0.055562,0.670692,0.478212,-0.04956,0.721037,0.456085,-0.016546,0.697066,0.342791,-0.05396,0.695248,0.423906,-0.046312,0.712033,0.476246,-0.028164,0.77029,0.462228,-0.037548,0.746723,0.375316,-0.052381,0.734779,0.422232,-0.042862,0.745172,0.466191,-0.02991
1781673679.9146326,272,0,Left,0.779216,0.713771,-1e-06,0.703367,0.695448,-0.026477,0.634825,0.633141,-0.045188,0.597984,0.551789,-0.069848,0.637239,0.503644,-0.089398,0.642207,0.487284,0.010546,0.60871,0.390461,-0.033988,0.605869,0.444195,-0.061776,0.623648,0.487812,-0.073855,0.683211,0.46586,0.002352,0.655669,0.349079,-0.043949,0.657891,0.43429,-0.057332,0.676681,0.479325,-0.052412,0.727253,0.457438,-0.015199,0.701934,0.346453,-0.053579,0.698565,0.424965,-0.047677,0.716338,0.477246,-0.030419,0.775795,0.461657,-0.037053,0.749941,0.37809,-0.05254,0.738003,0.42462,-0.043771,0.749952,0.46821,-0.03123
1781673679.9481828,273,0,Left,0.78205,0.714382,-1e-06,0.707163,0.697981,-0.027826,0.637771,0.635861,-0.046131,0.599794,0.55327,-0.069596,0.63862,0.506138,-0.087326,0.64642,0.487753,0.007065,0.61512,0.388908,-0.036833,0.61284,0.446401,-0.063651,0.630754,0.491236,-0.075089,0.687154,0.466866,0.000417,0.660602,0.348327,-0.044947,0.662119,0.432206,-0.057072,0.680966,0.477954,-0.051518,0.730947,0.459671,-0.015437,0.70797,0.344583,-0.053142,0.703565,0.422254,-0.046832,0.720474,0.476243,-0.029271,0.779351,0.465029,-0.035676,0.756794,0.376098,-0.051801,0.743403,0.420454,-0.044109,0.75298,0.46621,-0.032055
1781673679.9812536,274,0,Left,0.78406,0.718551,-0.0,0.708401,0.704526,-0.024863,0.638851,0.645732,-0.042458,0.601806,0.568632,-0.065361,0.635965,0.521338,-0.082798,0.649694,0.487077,0.004542,0.616477,0.387407,-0.037387,0.611116,0.438474,-0.061774,0.631705,0.483168,-0.071258,0.690843,0.464809,-0.003574,0.663646,0.344464,-0.04645,0.660649,0.421875,-0.055486,0.681078,0.465125,-0.04785,0.735638,0.456484,-0.020248,0.713496,0.340848,-0.055708,0.705996,0.413783,-0.047058,0.72429,0.463715,-0.028516,0.785043,0.462498,-0.041129,0.766849,0.371741,-0.055966,0.751293,0.415039,-0.046294,0.761322,0.459636,-0.032825
1781673680.0075028,275,0,Left,0.78784,0.722111,-0.0,0.707537,0.712236,-0.022174,0.634397,0.659262,-0.037763,0.587834,0.602177,-0.056072,0.591185,0.556443,-0.071118,0.656787,0.485244,0.00064,0.629764,0.393297,-0.034021,0.613428,0.392835,-0.064388,0.613832,0.42987,-0.079759,0.698612,0.456764,-0.005623,0.674383,0.344845,-0.034912,0.659919,0.349219,-0.05518,0.661632,0.396806,-0.062922,0.744829,0.448975,-0.018351,0.729921,0.341967,-0.041564,0.714703,0.347813,-0.049847,0.713205,0.392013,-0.050098,0.794083,0.461698,-0.034497,0.788769,0.373337,-0.050662,0.771556,0.371674,-0.053374,0.762831,0.405792,-0.051053
1781673680.0412247,276,0,Left,0.79046,0.72658,0.0,0.709187,0.719843,-0.026604,0.635744,0.678885,-0.043022,0.583365,0.64301,-0.058341,0.539573,0.616421,-0.074039,0.655217,0.49311,-0.020077,0.612271,0.411951,-0.045703,0.580712,0.37037,-0.070621,0.550896,0.340185,-0.088525,0.698287,0.457588,-0.026889,0.667516,0.348288,-0.044365,0.643534,0.28569,-0.063803,0.619533,0.236146,-0.079165,0.745372,0.453608,-0.038618,0.732791,0.344461,-0.057703,0.720876,0.282276,-0.073186,0.704697,0.231057,-0.085419,0.794174,0.476126,-0.053169,0.80129,0.394683,-0.071182,0.800136,0.347376,-0.077905,0.793685,0.308031,-0.082686
1781673680.081361,277,0,Left,0.795225,0.728124,1e-06,0.711596,0.72456,-0.031963,0.636175,0.688676,-0.052303,0.577193,0.657167,-0.070575,0.525033,0.644154,-0.089912,0.65863,0.49473,-0.032847,0.605775,0.407308,-0.058021,0.571311,0.354938,-0.080681,0.540784,0.308303,-0.098283,0.703308,0.457537,-0.038743,0.668184,0.33986,-0.059509,0.642915,0.266216,-0.080852,0.619619,0.20281,-0.097523,0.751886,0.454071,-0.048933,0.743142,0.335373,-0.074292,0.736535,0.262102,-0.095299,0.726818,0.19842,-0.110365,0.800412,0.476603,-0.061628,0.81642,0.387393,-0.086341,0.824628,0.330032,-0.098247,0.828988,0.276398,-0.106196
1781673680.081361,277,1,Left,0.252896,1.04134,1e-06,0.294362,1.014382,-0.017218,0.312597,0.977156,-0.033141,0.319109,0.952074,-0.048574,0.323319,0.936678,-0.065415,0.283781,0.886927,-0.039419,0.301827,0.803673,-0.060337,0.311906,0.747114,-0.074524,0.317978,0.700039,-0.08484,0.23987,0.878534,-0.044858,0.229621,0.78327,-0.062563,0.224473,0.720402,-0.075403,0.220877,0.670593,-0.085105,0.200463,0.891503,-0.050491,0.179924,0.796757,-0.068499,0.166239,0.737557,-0.081454,0.15685,0.691373,-0.090223,0.169278,0.920564,-0.056641,0.137624,0.859349,-0.076752,0.116082,0.820844,-0.086068,0.099152,0.788984,-0.09055
1781673680.1051931,278,0,Left,0.801777,0.729756,1e-06,0.717173,0.726365,-0.032683,0.637393,0.692228,-0.052778,0.573577,0.671121,-0.070824,0.518334,0.671459,-0.090481,0.657466,0.49612,-0.034249,0.602798,0.405266,-0.058594,0.568815,0.345993,-0.080224,0.541129,0.293769,-0.097427,0.702844,0.458521,-0.039798,0.667649,0.340275,-0.059933,0.643995,0.263996,-0.080509,0.623472,0.198713,-0.096914,0.753081,0.454132,-0.049759,0.743996,0.334753,-0.075458,0.737162,0.258523,-0.097394,0.728446,0.191973,-0.113278,0.802876,0.475996,-0.062252,0.820364,0.386616,-0.087937,0.831641,0.327543,-0.100854,0.839378,0.272474,-0.109623
1781673680.1051931,278,1,Left,0.249803,1.007999,0.0,0.281291,0.998183,-0.020505,0.306669,0.973975,-0.039527,0.338162,0.960634,-0.058735,0.367654,0.952278,-0.078995,0.226202,0.871529,-0.029725,0.190493,0.804452,-0.04714,0.168574,0.765977,-0.061388,0.150316,0.732169,-0.07204,0.210819,0.85278,-0.034274,0.191207,0.755688,-0.05023,0.181001,0.692357,-0.065043,0.174158,0.640736,-0.076884,0.205547,0.852153,-0.040193,0.20736,0.74964,-0.057818,0.212804,0.683827,-0.074704,0.21623,0.630428,-0.08628,0.208004,0.866038,-0.046754,0.228323,0.7885,-0.060984,0.244056,0.73683,-0.067093,0.255776,0.691671,-0.071407
1781673680.1384068,279,0,Left,0.804411,0.733362,1e-06,0.721168,0.725575,-0.029398,0.640662,0.69174,-0.047686,0.576849,0.674172,-0.064362,0.52355,0.678878,-0.082627,0.66227,0.495658,-0.032031,0.607077,0.400236,-0.054785,0.573877,0.340182,-0.074746,0.546537,0.289248,-0.090493,0.706928,0.459196,-0.038687,0.670991,0.338677,-0.056972,0.64681,0.262553,-0.07638,0.626098,0.199234,-0.091849,0.756428,0.454622,-0.049411,0.747692,0.333637,-0.073479,0.740298,0.258518,-0.095377,0.731505,0.194707,-0.111255,0.806181,0.476975,-0.06238,0.825071,0.386842,-0.087325,0.836011,0.327362,-0.100513,0.843363,0.272999,-0.109361
1781673680.1384068,279,1,Right,0.252014,0.998099,1e-06,0.307667,0.977675,-0.035251,0.360779,0.949625,-0.064532,0.407979,0.937447,-0.092085,0.451267,0.932549,-0.120592,0.297123,0.813174,-0.049639,0.318667,0.718837,-0.078636,0.332542,0.65909,-0.100906,0.343099,0.610453,-0.115188,0.252893,0.801279,-0.050193,0.254804,0.69511,-0.072382,0.256785,0.622018,-0.090507,0.257873,0.565368,-0.103429,0.213066,0.812553,-0.053711,0.196012,0.71846,-0.072496,0.186955,0.653527,-0.090694,0.181699,0.601711,-0.102356,0.177724,0.842515,-0.060047,0.148128,0.775599,-0.074976,0.130316,0.730601,-0.083014,0.118145,0.69125,-0.087579
1781673680.1726527,280,0,Left,0.80888,0.730428,1e-06,0.724922,0.722032,-0.028917,0.645125,0.688564,-0.047441,0.580978,0.672078,-0.064812,0.527661,0.677302,-0.083965,0.669276,0.495689,-0.031485,0.614444,0.398725,-0.054595,0.581736,0.337251,-0.074729,0.555096,0.285016,-0.090591,0.714235,0.45892,-0.038505,0.677975,0.338528,-0.057204,0.653743,0.262236,-0.076923,0.633418,0.198188,-0.092743,0.76378,0.45325,-0.049558,0.752797,0.332284,-0.073611,0.745507,0.256642,-0.095244,0.737266,0.192328,-0.111084,0.813893,0.473679,-0.062864,0.831607,0.384578,-0.087224,0.842553,0.325949,-0.099766,0.850196,0.272812,-0.108349
1781673680.1726527,280,1,Right,0.25556,0.993693,1e-06,0.314813,0.97056,-0.038142,0.368682,0.938482,-0.065139,0.420682,0.925411,-0.090095,0.465929,0.922392,-0.115471,0.303063,0.781623,-0.04485,0.330271,0.686387,-0.071464,0.345295,0.624052,-0.092134,0.35784,0.572033,-0.106425,0.258264,0.767251,-0.043913,0.265989,0.657589,-0.065309,0.272626,0.586648,-0.082637,0.278563,0.530698,-0.095625,0.217531,0.777249,-0.046697,0.20884,0.671986,-0.066005,0.202354,0.605434,-0.083635,0.199851,0.549539,-0.095784,0.180915,0.807292,-0.052886,0.153784,0.738064,-0.071029,0.136068,0.69123,-0.081679,0.123358,0.646173,-0.088309
1781673680.205341,281,0,Left,0.815798,0.725928,1e-06,0.732549,0.718803,-0.029038,0.653747,0.687649,-0.0483,0.590492,0.670548,-0.066308,0.53784,0.674771,-0.086108,0.676641,0.494348,-0.03366,0.622792,0.396589,-0.057404,0.590307,0.334182,-0.077958,0.563947,0.28136,-0.094039,0.721302,0.457332,-0.040765,0.684112,0.335501,-0.059795,0.660026,0.258645,-0.079444,0.639926,0.194587,-0.095146,0.771358,0.451226,-0.051701,0.7585,0.328965,-0.075706,0.750754,0.253254,-0.096926,0.742489,0.19005,-0.112506,0.822674,0.470842,-0.064885,0.840003,0.380751,-0.089122,0.850956,0.321464,-0.101281,0.858705,0.268393,-0.109504
1781673680.205341,281,1,Right,0.248136,0.967381,1e-06,0.309429,0.944952,-0.032409,0.366951,0.914696,-0.057357,0.420084,0.905655,-0.081898,0.466246,0.907335,-0.106912,0.310048,0.749469,-0.035141,0.341708,0.653301,-0.061249,0.36186,0.591583,-0.08224,0.379022,0.540802,-0.096187,0.265912,0.731163,-0.037088,0.279598,0.618721,-0.05763,0.290008,0.544676,-0.075923,0.299226,0.486331,-0.089441,0.223769,0.736786,-0.042864,0.21794,0.630429,-0.06108,0.21403,0.561995,-0.079537,0.21428,0.505996,-0.091984,0.18407,0.762145,-0.051705,0.158035,0.68752,-0.067786,0.140737,0.638154,-0.077382,0.128778,0.591902,-0.083192
1781673680.2383263,282,0,Left,0.824644,0.723969,1e-06,0.741777,0.714334,-0.029377,0.663031,0.68272,-0.049216,0.598484,0.668219,-0.067762,0.544704,0.672373,-0.087953,0.685637,0.490617,-0.033909,0.632531,0.392574,-0.058254,0.600339,0.329736,-0.079293,0.574401,0.277057,-0.09549,0.729999,0.453935,-0.040942,0.692214,0.332613,-0.060082,0.668134,0.255566,-0.079511,0.64846,0.192791,-0.094888,0.780295,0.447891,-0.051916,0.766982,0.326534,-0.075461,0.759701,0.251412,-0.09585,0.751925,0.189277,-0.110772,0.831852,0.467565,-0.06527,0.848575,0.377416,-0.088725,0.85939,0.318543,-0.100015,0.867034,0.266755,-0.107537
1781673680.2383263,282,1,Right,0.247927,0.93634,1e-06,0.311744,0.916643,-0.031893,0.369279,0.889541,-0.056092,0.420241,0.880477,-0.079934,0.465805,0.88116,-0.104145,0.314548,0.715553,-0.033573,0.351804,0.621155,-0.058739,0.375069,0.560711,-0.079241,0.394585,0.510666,-0.093013,0.271063,0.696474,-0.035695,0.289216,0.582972,-0.054717,0.301933,0.508951,-0.0722,0.312713,0.450454,-0.085488,0.22902,0.701726,-0.041557,0.228039,0.595714,-0.058825,0.226182,0.526453,-0.076237,0.227932,0.469201,-0.088325,0.188332,0.727596,-0.050489,0.163793,0.653829,-0.066537,0.147353,0.603674,-0.075467,0.136332,0.556818,-0.080766
1781673680.2720537,283,0,Left,0.83233,0.723624,1e-06,0.749717,0.71266,-0.027498,0.670254,0.678995,-0.045887,0.606464,0.662198,-0.062962,0.554167,0.666381,-0.081777,0.695801,0.490277,-0.033503,0.643826,0.389843,-0.056973,0.612451,0.325695,-0.076905,0.587513,0.272634,-0.092255,0.740869,0.45422,-0.040689,0.703448,0.330876,-0.058777,0.680518,0.254613,-0.076965,0.662142,0.193186,-0.09162,0.791275,0.44768,-0.051512,0.778483,0.323683,-0.074083,0.770801,0.248855,-0.093544,0.762836,0.188294,-0.107973,0.842579,0.466301,-0.064487,0.859026,0.374137,-0.087284,0.869746,0.314404,-0.098273,0.877546,0.262712,-0.105691
1781673680.2720537,283,1,Right,0.244073,0.909725,1e-06,0.311743,0.891203,-0.032053,0.37123,0.863766,-0.05545,0.420649,0.853042,-0.07848,0.46356,0.852668,-0.101686,0.321252,0.684001,-0.032549,0.360109,0.589967,-0.058388,0.384637,0.529664,-0.079768,0.405037,0.479426,-0.094116,0.277649,0.662861,-0.034951,0.29779,0.550053,-0.054399,0.312018,0.475955,-0.072432,0.323943,0.416544,-0.085939,0.234731,0.666552,-0.041196,0.236447,0.55948,-0.058936,0.236241,0.491319,-0.076119,0.23912,0.434402,-0.087825,0.192909,0.692237,-0.050605,0.170587,0.618315,-0.067218,0.155518,0.568732,-0.075849,0.145157,0.522636,-0.080589
1781673680.3052545,284,0,Left,0.841059,0.722061,1e-06,0.76017,0.712139,-0.029163,0.682295,0.680045,-0.048917,0.618836,0.665239,-0.067338,0.566421,0.669085,-0.08755,0.70732,0.490221,-0.035766,0.653912,0.389899,-0.0606,0.622008,0.325733,-0.081418,0.597147,0.271766,-0.097366,0.751233,0.45328,-0.042581,0.712739,0.329933,-0.06246,0.689118,0.25203,-0.081778,0.670161,0.188032,-0.097086,0.800892,0.445986,-0.053173,0.786993,0.322721,-0.0769,0.779508,0.247388,-0.096971,0.771502,0.185423,-0.111696,0.852283,0.463675,-0.066123,0.867984,0.372354,-0.089346,0.877988,0.312476,-0.100676,0.884957,0.259647,-0.108373
1781673680.3052545,284,1,Right,0.235988,0.867179,1e-06,0.305066,0.856027,-0.035252,0.367902,0.83567,-0.060766,0.418126,0.825732,-0.085006,0.461587,0.822955,-0.109143,0.327952,0.649328,-0.038939,0.36876,0.554805,-0.065621,0.393733,0.495879,-0.086894,0.41424,0.44602,-0.101022,0.28382,0.624259,-0.040069,0.30803,0.511476,-0.060393,0.32369,0.437193,-0.078639,0.336302,0.378934,-0.092281,0.239441,0.62469,-0.045022,0.245749,0.518307,-0.063629,0.248049,0.451131,-0.08126,0.253248,0.396073,-0.093275,0.196159,0.646538,-0.053271,0.17831,0.571049,-0.070479,0.165514,0.520838,-0.079811,0.157925,0.474933,-0.08504
1781673680.3384814,285,0,Left,0.848046,0.722944,1e-06,0.767937,0.713455,-0.029255,0.689954,0.682286,-0.048762,0.628197,0.669261,-0.066903,0.57851,0.674881,-0.086889,0.714112,0.491952,-0.036852,0.661007,0.391623,-0.062285,0.628167,0.327373,-0.083226,0.602267,0.273543,-0.099147,0.757914,0.455108,-0.043662,0.719501,0.330785,-0.064264,0.695999,0.252179,-0.083422,0.67685,0.187678,-0.098411,0.807939,0.447249,-0.054285,0.792978,0.32465,-0.078263,0.785241,0.248449,-0.098193,0.776838,0.185166,-0.112654,0.859598,0.463719,-0.067331,0.874005,0.370743,-0.090588,0.883678,0.30976,-0.101991,0.890411,0.255874,-0.109724
1781673680.3384814,285,1,Right,0.237615,0.837998,1e-06,0.309502,0.827137,-0.036955,0.373033,0.805126,-0.061933,0.422308,0.796367,-0.085673,0.464907,0.797084,-0.109388,0.334753,0.614863,-0.038404,0.377047,0.523198,-0.065351,0.403134,0.464934,-0.087545,0.424166,0.413927,-0.102727,0.290521,0.589603,-0.039573,0.316629,0.480716,-0.060359,0.332471,0.408933,-0.079031,0.344718,0.352115,-0.092998,0.245715,0.590119,-0.044984,0.253956,0.482806,-0.06434,0.257783,0.417216,-0.081684,0.264261,0.361944,-0.0934,0.200939,0.612675,-0.054071,0.184799,0.533511,-0.072276,0.173664,0.482064,-0.081831,0.168462,0.433761,-0.08723
1781673680.372426,286,0,Left,0.853496,0.720876,1e-06,0.774145,0.713701,-0.029803,0.697703,0.68551,-0.049518,0.636887,0.675463,-0.06784,0.587418,0.684696,-0.088138,0.720171,0.492958,-0.037212,0.66741,0.39298,-0.062594,0.634065,0.3292,-0.08367,0.60756,0.275395,-0.099814,0.763431,0.455791,-0.043439,0.724491,0.331273,-0.064073,0.700436,0.252741,-0.083393,0.680687,0.187999,-0.098599,0.813044,0.446992,-0.053482,0.798247,0.324837,-0.077117,0.790063,0.248846,-0.096975,0.780789,0.185818,-0.111509,0.864643,0.461688,-0.066036,0.87909,0.368805,-0.088925,0.888368,0.308184,-0.100292,0.894367,0.25461,-0.108123
1781673680.372426,286,1,Right,0.233282,0.803237,1e-06,0.30332,0.797107,-0.039595,0.368134,0.778259,-0.066735,0.42025,0.77392,-0.092224,0.465643,0.778084,-0.117706,0.338437,0.585568,-0.043054,0.385587,0.493968,-0.071477,0.413304,0.433956,-0.094553,0.434952,0.380637,-0.110505,0.294338,0.556615,-0.043273,0.323803,0.446963,-0.065582,0.342126,0.373068,-0.085224,0.356321,0.313374,-0.09994,0.249155,0.553816,-0.047776,0.260697,0.445739,-0.068705,0.266019,0.37836,-0.087372,0.272898,0.321688,-0.099917,0.204151,0.572978,-0.056042,0.189983,0.492977,-0.075434,0.179225,0.441229,-0.08591,0.173552,0.39329,-0.091867
1781673680.4065194,287,0,Left,0.859506,0.720719,1e-06,0.779519,0.716631,-0.032776,0.703318,0.691485,-0.054405,0.64246,0.682039,-0.07418,0.593728,0.691488,-0.095781,0.722782,0.495539,-0.040071,0.668325,0.397122,-0.066335,0.634973,0.333514,-0.088272,0.608658,0.278825,-0.10507,0.766521,0.457162,-0.045409,0.7274,0.33419,-0.067062,0.702786,0.256131,-0.087186,0.682297,0.191435,-0.102978,0.816369,0.448095,-0.054799,0.801971,0.326432,-0.079257,0.794221,0.250503,-0.099554,0.785186,0.187175,-0.114329,0.867662,0.462788,-0.066976,0.881942,0.369741,-0.090318,0.891332,0.30949,-0.10181,0.897249,0.256036,-0.109702
1781673680.4065194,287,1,Right,0.233346,0.771968,1e-06,0.304203,0.77041,-0.042569,0.370216,0.753601,-0.071184,0.423832,0.751777,-0.097754,0.471817,0.758937,-0.124334,0.345855,0.555205,-0.046615,0.394209,0.46318,-0.076672,0.423857,0.404183,-0.100636,0.448647,0.351752,-0.117263,0.301245,0.524884,-0.046494,0.332328,0.41298,-0.070669,0.353563,0.338176,-0.091371,0.371207,0.276792,-0.106772,0.254883,0.521797,-0.050973,0.267756,0.411406,-0.074143,0.275468,0.342575,-0.094096,0.285087,0.283508,-0.10724,0.208183,0.541068,-0.059448,0.195339,0.457425,-0.081461,0.18501,0.40398,-0.093436,0.180321,0.353389,-0.100249
1781673680.439407,288,0,Left,0.859687,0.722623,1e-06,0.778412,0.719983,-0.033123,0.702296,0.69744,-0.055918,0.640386,0.690031,-0.076805,0.589384,0.703886,-0.099779,0.722086,0.500857,-0.042987,0.667554,0.40255,-0.07006,0.633996,0.339201,-0.092255,0.607375,0.284231,-0.109311,0.765844,0.461531,-0.048609,0.726656,0.337673,-0.072101,0.700707,0.257901,-0.093327,0.678836,0.191045,-0.109854,0.815653,0.45202,-0.058045,0.801802,0.330242,-0.084303,0.793702,0.253323,-0.105484,0.784378,0.189094,-0.120684,0.866633,0.466082,-0.070125,0.881553,0.371968,-0.095028,0.891446,0.311095,-0.107297,0.89787,0.25762,-0.115617
1781673680.439407,288,1,Right,0.231421,0.740821,1e-06,0.302447,0.741669,-0.04298,0.369268,0.726799,-0.072144,0.423547,0.724782,-0.099344,0.471869,0.73636,-0.126621,0.350694,0.524413,-0.047018,0.401713,0.434789,-0.077244,0.432024,0.376325,-0.101352,0.456915,0.324144,-0.118451,0.306074,0.491183,-0.04747,0.339497,0.379491,-0.071921,0.360366,0.306542,-0.092835,0.377101,0.245828,-0.108405,0.259134,0.487003,-0.052428,0.273337,0.375586,-0.07599,0.280594,0.307251,-0.095385,0.289719,0.248068,-0.108231,0.210982,0.506799,-0.061432,0.196572,0.423143,-0.083866,0.186053,0.368928,-0.095424,0.181502,0.317191,-0.101906
1781673680.4718606,289,0,Left,0.859711,0.725847,1e-06,0.77767,0.723057,-0.034086,0.700022,0.700934,-0.056611,0.637246,0.696248,-0.076967,0.5867,0.711751,-0.099377,0.720369,0.503292,-0.042722,0.665044,0.40636,-0.069364,0.631139,0.343392,-0.091357,0.604366,0.28917,-0.108205,0.764866,0.464229,-0.047741,0.725604,0.340824,-0.070496,0.699687,0.261641,-0.091339,0.67819,0.195468,-0.107603,0.814989,0.454946,-0.056792,0.801233,0.333128,-0.082987,0.792966,0.256424,-0.104469,0.783712,0.192416,-0.119769,0.865944,0.469388,-0.068544,0.880946,0.375202,-0.093847,0.891315,0.313874,-0.106462,0.898284,0.259842,-0.114928
1781673680.4718606,289,1,Right,0.232529,0.720481,1e-06,0.303384,0.72313,-0.045132,0.369638,0.707179,-0.074748,0.422297,0.702153,-0.1021,0.470276,0.71768,-0.12937,0.354221,0.501781,-0.04736,0.408008,0.413216,-0.077189,0.439942,0.354878,-0.101119,0.466443,0.304306,-0.118268,0.309479,0.467066,-0.046911,0.345251,0.354426,-0.071598,0.367451,0.280888,-0.092702,0.385095,0.220368,-0.108096,0.262542,0.4623,-0.051071,0.278525,0.34957,-0.075021,0.286542,0.279422,-0.095113,0.296613,0.21869,-0.108369,0.213511,0.482627,-0.059439,0.198198,0.399743,-0.082513,0.187548,0.344806,-0.094858,0.18297,0.292651,-0.101827
1781673680.5058072,290,0,Left,0.857651,0.733084,1e-06,0.775785,0.729215,-0.033577,0.698404,0.705647,-0.056256,0.634788,0.702294,-0.076984,0.582853,0.719537,-0.099807,0.718859,0.507854,-0.04197,0.662224,0.410163,-0.068497,0.627361,0.346911,-0.090362,0.600046,0.292507,-0.107099,0.762967,0.468649,-0.047407,0.722053,0.345194,-0.06963,0.695459,0.266673,-0.090094,0.673533,0.201238,-0.106157,0.813273,0.459048,-0.056852,0.798648,0.33663,-0.082237,0.789973,0.259662,-0.102988,0.78024,0.19516,-0.117992,0.864675,0.473097,-0.069027,0.878672,0.37831,-0.09313,0.888994,0.317076,-0.104615,0.895802,0.263353,-0.112468
1781673680.5058072,290,1,Right,0.234097,0.703432,1e-06,0.303743,0.706924,-0.047073,0.369065,0.69239,-0.077826,0.423198,0.687554,-0.105874,0.471035,0.702618,-0.133505,0.358385,0.484686,-0.050133,0.41235,0.398483,-0.080829,0.444361,0.340136,-0.105489,0.470678,0.288226,-0.123337,0.315113,0.44754,-0.049025,0.352343,0.338157,-0.074071,0.37425,0.26602,-0.09463,0.391577,0.205242,-0.109816,0.268493,0.441375,-0.052661,0.283778,0.333814,-0.076522,0.291468,0.264411,-0.095561,0.300788,0.203907,-0.108358,0.218629,0.462065,-0.060855,0.201047,0.381913,-0.083522,0.189418,0.327516,-0.094992,0.183537,0.274787,-0.101534
1781673680.5389864,291,0,Left,0.858001,0.734858,1e-06,0.776082,0.733792,-0.033874,0.697261,0.711809,-0.056322,0.63368,0.70682,-0.076737,0.58295,0.724443,-0.09923,0.715236,0.512472,-0.041804,0.659062,0.41537,-0.068004,0.624808,0.352472,-0.089898,0.597608,0.298548,-0.106785,0.759399,0.472339,-0.046941,0.718473,0.349202,-0.06898,0.692703,0.271226,-0.08945,0.671531,0.20616,-0.105572,0.810151,0.462119,-0.056105,0.795036,0.340779,-0.081369,0.786536,0.26351,-0.102443,0.77735,0.198872,-0.117733,0.86272,0.475751,-0.068054,0.876619,0.381791,-0.092178,0.886678,0.321024,-0.103982,0.893566,0.267749,-0.112075
1781673680.5389864,291,1,Right,0.23731,0.689944,1e-06,0.302123,0.693238,-0.042954,0.361946,0.681467,-0.070024,0.40384,0.677928,-0.095515,0.438566,0.691964,-0.120116,0.36539,0.474225,-0.038434,0.40887,0.392189,-0.065829,0.4356,0.342861,-0.089667,0.458925,0.300576,-0.106988,0.320684,0.436298,-0.037724,0.348688,0.334211,-0.058248,0.367988,0.27195,-0.076887,0.385305,0.222046,-0.091496,0.273236,0.430076,-0.042364,0.282215,0.331242,-0.061824,0.287241,0.26984,-0.079393,0.295426,0.217745,-0.092083,0.223334,0.450269,-0.05171,0.204112,0.376397,-0.07099,0.190541,0.326816,-0.08181,0.182078,0.280253,-0.088547
1781673680.573156,292,0,Left,0.854843,0.736765,1e-06,0.773555,0.736173,-0.032029,0.696323,0.715872,-0.054018,0.634498,0.710454,-0.074373,0.583994,0.723851,-0.096873,0.714357,0.516207,-0.040878,0.657923,0.419814,-0.067252,0.622556,0.35885,-0.08927,0.593932,0.30687,-0.106081,0.757808,0.476702,-0.046883,0.715947,0.355121,-0.068463,0.6897,0.278363,-0.088721,0.668185,0.214,-0.10486,0.807808,0.466442,-0.056789,0.791855,0.346092,-0.081743,0.783253,0.269083,-0.102609,0.774118,0.20457,-0.117937,0.859796,0.480383,-0.069326,0.873714,0.387515,-0.093452,0.88436,0.326742,-0.105141,0.892117,0.272951,-0.113143
1781673680.573156,292,1,Right,0.246558,0.677356,0.0,0.307582,0.680562,-0.043096,0.366414,0.668984,-0.07162,0.404409,0.667086,-0.100114,0.422217,0.665131,-0.127001,0.373552,0.45931,-0.030595,0.409431,0.368733,-0.068715,0.415507,0.342662,-0.100429,0.411674,0.362939,-0.116085,0.325363,0.425744,-0.028598,0.349009,0.316235,-0.060021,0.353286,0.298142,-0.085775,0.348379,0.335875,-0.098393,0.276206,0.423036,-0.032929,0.290538,0.31387,-0.05919,0.289885,0.306314,-0.07735,0.287736,0.344138,-0.084321,0.225407,0.445471,-0.041532,0.21076,0.369314,-0.064246,0.207616,0.353312,-0.075503,0.210273,0.367858,-0.078091
1781673680.606241,293,0,Left,0.854546,0.738958,1e-06,0.774719,0.738517,-0.032414,0.697743,0.718213,-0.053271,0.638773,0.711313,-0.072194,0.590049,0.718485,-0.092798,0.711581,0.52029,-0.038235,0.65549,0.42947,-0.063641,0.619911,0.372845,-0.085502,0.589947,0.325122,-0.102133,0.755207,0.47976,-0.043254,0.71415,0.364381,-0.063154,0.688525,0.29124,-0.082944,0.666845,0.229839,-0.098878,0.805098,0.468885,-0.052441,0.789503,0.354579,-0.075801,0.781343,0.281123,-0.09635,0.771822,0.21899,-0.111619,0.857025,0.482182,-0.064402,0.870121,0.393892,-0.087294,0.880379,0.335775,-0.09885,0.887632,0.28386,-0.106808
1781673680.606241,293,1,Right,0.24813,0.665991,0.0,0.309285,0.676942,-0.045598,0.369169,0.667684,-0.078061,0.408676,0.660167,-0.110341,0.40634,0.64652,-0.140364,0.37864,0.450482,-0.037601,0.415379,0.355027,-0.082682,0.417079,0.346373,-0.115504,0.405945,0.391079,-0.128926,0.327682,0.417913,-0.035001,0.353145,0.305059,-0.069532,0.351136,0.31154,-0.089739,0.344993,0.360172,-0.096184,0.277139,0.414408,-0.039272,0.292112,0.309141,-0.066602,0.291036,0.323432,-0.074304,0.290631,0.369619,-0.072854,0.22513,0.434667,-0.048356,0.218296,0.361422,-0.067269,0.218161,0.363662,-0.06839,0.222807,0.390064,-0.063109
1781673680.640695,294,0,Left,0.850682,0.736413,0.0,0.773283,0.737097,-0.025981,0.699676,0.71526,-0.040697,0.649423,0.702407,-0.054593,0.609964,0.705612,-0.069603,0.707045,0.516553,-0.024586,0.657905,0.429987,-0.045828,0.626117,0.381844,-0.06529,0.596803,0.344909,-0.08009,0.751262,0.478491,-0.030909,0.714519,0.371595,-0.046242,0.689616,0.307526,-0.063837,0.665805,0.25546,-0.078247,0.801368,0.469463,-0.041516,0.788508,0.365955,-0.06145,0.780263,0.301212,-0.080412,0.769023,0.247076,-0.094561,0.8533,0.483932,-0.054592,0.866856,0.403632,-0.075122,0.87542,0.352921,-0.085998,0.88062,0.307812,-0.093462
1781673680.640695,294,1,Right,0.245241,0.660337,0.0,0.309725,0.670355,-0.039652,0.368318,0.661933,-0.067322,0.409396,0.650313,-0.095645,0.407968,0.634567,-0.121866,0.378318,0.447474,-0.024804,0.41483,0.359882,-0.062771,0.418438,0.34241,-0.091176,0.408945,0.372488,-0.102957,0.329428,0.412683,-0.023053,0.353589,0.305037,-0.051017,0.350938,0.309216,-0.06707,0.34417,0.348432,-0.071706,0.280693,0.408124,-0.027889,0.293777,0.306229,-0.050207,0.291669,0.318858,-0.055266,0.289875,0.360663,-0.052882,0.229462,0.428338,-0.037219,0.221792,0.357668,-0.052686,0.221422,0.357314,-0.052803,0.225847,0.382365,-0.047472
1781673680.6722503,295,0,Left,0.849446,0.730475,0.0,0.772873,0.735496,-0.028013,0.701923,0.713026,-0.045287,0.659377,0.688853,-0.061532,0.633083,0.661099,-0.076542,0.704973,0.508424,-0.02129,0.667615,0.426491,-0.045561,0.642943,0.390336,-0.068748,0.621435,0.372929,-0.084552,0.750081,0.469818,-0.025521,0.719117,0.373535,-0.043884,0.697645,0.322539,-0.063796,0.678816,0.29786,-0.078609,0.799261,0.461692,-0.034687,0.790287,0.368565,-0.057164,0.78465,0.324401,-0.075246,0.773625,0.30861,-0.086704,0.850987,0.478989,-0.046469,0.864092,0.4014,-0.069847,0.864516,0.3676,-0.081551,0.85791,0.355965,-0.087551
1781673680.6722503,295,1,Right,0.246664,0.659901,0.0,0.311053,0.668694,-0.039313,0.369572,0.656638,-0.066068,0.407735,0.643589,-0.093743,0.404486,0.628334,-0.119877,0.378846,0.446154,-0.024566,0.415851,0.360759,-0.062791,0.422,0.337671,-0.093033,0.414324,0.360682,-0.106506,0.329458,0.411951,-0.024163,0.352592,0.304462,-0.052417,0.352665,0.300341,-0.071205,0.346799,0.33747,-0.078485,0.279937,0.40825,-0.030273,0.293346,0.305876,-0.05434,0.292605,0.312998,-0.062838,0.290702,0.354413,-0.062867,0.228483,0.429639,-0.040752,0.219856,0.353484,-0.059382,0.219974,0.351797,-0.061816,0.224251,0.379488,-0.05787
1781673680.7061248,296,0,Left,0.845918,0.721892,0.0,0.770574,0.728178,-0.03222,0.699879,0.700855,-0.054409,0.654801,0.673121,-0.076251,0.640056,0.635188,-0.094594,0.704851,0.501864,-0.021634,0.668254,0.415965,-0.061327,0.643936,0.387665,-0.093661,0.635778,0.40904,-0.108686,0.748257,0.463607,-0.023902,0.718513,0.364107,-0.05502,0.699655,0.323048,-0.077056,0.694369,0.348587,-0.085623,0.798089,0.455626,-0.033167,0.786529,0.353788,-0.064447,0.77738,0.314841,-0.07969,0.770545,0.337576,-0.082124,0.850516,0.471703,-0.045492,0.863128,0.387963,-0.076971,0.858808,0.359597,-0.089625,0.850141,0.37658,-0.089902
1781673680.7061248,296,1,Right,0.24422,0.656217,0.0,0.306756,0.663847,-0.041526,0.369159,0.649236,-0.067343,0.409166,0.630274,-0.093588,0.394176,0.607782,-0.119399,0.377028,0.448465,-0.030335,0.411899,0.360374,-0.067153,0.421148,0.329422,-0.098692,0.420465,0.344396,-0.115302,0.329088,0.413612,-0.02984,0.354318,0.304014,-0.063731,0.355969,0.290612,-0.093665,0.348926,0.331472,-0.109659,0.279634,0.40758,-0.034782,0.296124,0.300716,-0.063605,0.294235,0.302264,-0.085998,0.289909,0.352284,-0.096116,0.229194,0.42563,-0.043615,0.218376,0.344683,-0.067795,0.218107,0.336836,-0.081643,0.222378,0.367069,-0.087011
1781673680.739898,297,0,Left,0.843737,0.712949,0.0,0.770045,0.719958,-0.031696,0.700927,0.688119,-0.056234,0.6563,0.656057,-0.081882,0.64964,0.609465,-0.103436,0.707433,0.494016,-0.024578,0.669273,0.402856,-0.072084,0.65626,0.386712,-0.108177,0.663323,0.42763,-0.123733,0.749877,0.460161,-0.028487,0.718176,0.346316,-0.071168,0.712034,0.335188,-0.095848,0.722132,0.394294,-0.1013,0.798972,0.453344,-0.039066,0.783097,0.343145,-0.07197,0.779153,0.326517,-0.080639,0.780397,0.369297,-0.076382,0.852076,0.469452,-0.053508,0.86051,0.382445,-0.082101,0.85096,0.360925,-0.090403,0.838587,0.386323,-0.086518
1781673680.739898,297,1,Right,0.241365,0.654647,0.0,0.304629,0.661817,-0.041033,0.367215,0.645297,-0.065727,0.406057,0.622236,-0.09082,0.383873,0.597552,-0.115668,0.374821,0.446711,-0.030286,0.410161,0.358149,-0.068967,0.420923,0.323394,-0.1027,0.418592,0.337597,-0.120666,0.327788,0.411213,-0.030219,0.352283,0.3063,-0.064798,0.357309,0.279587,-0.09753,0.349349,0.311284,-0.116769,0.278359,0.405881,-0.035872,0.292583,0.302482,-0.064868,0.292825,0.292882,-0.091312,0.288353,0.335981,-0.105398,0.22776,0.424634,-0.045475,0.21574,0.347056,-0.070816,0.215113,0.328753,-0.088861,0.219214,0.348032,-0.09817
1781673680.7719808,298,0,Left,0.842539,0.713953,-0.0,0.768501,0.715494,-0.034479,0.697408,0.680994,-0.061078,0.650082,0.642875,-0.088411,0.657134,0.595275,-0.11129,0.706763,0.488848,-0.022128,0.672515,0.398118,-0.068046,0.660816,0.396305,-0.104319,0.671101,0.442236,-0.121182,0.750138,0.455217,-0.024276,0.722692,0.34309,-0.064381,0.711718,0.340587,-0.08819,0.718912,0.398199,-0.095187,0.799835,0.448023,-0.033723,0.784707,0.338892,-0.064371,0.775039,0.331208,-0.074933,0.774933,0.376876,-0.074008,0.853823,0.4633,-0.04747,0.860309,0.373418,-0.072161,0.84627,0.357619,-0.080654,0.832508,0.386555,-0.079457
1781673680.7719808,298,1,Right,0.240622,0.65217,0.0,0.303141,0.655847,-0.040047,0.364848,0.639008,-0.063508,0.400286,0.61349,-0.086897,0.373417,0.588971,-0.109746,0.371718,0.4428,-0.026293,0.406834,0.358424,-0.059698,0.418904,0.324521,-0.088963,0.419283,0.331638,-0.104557,0.325664,0.4076,-0.025263,0.34949,0.308422,-0.053247,0.356694,0.281208,-0.078932,0.352003,0.305542,-0.09356,0.276661,0.402644,-0.029999,0.291746,0.304371,-0.05411,0.29276,0.293589,-0.074015,0.289687,0.327813,-0.083928,0.225215,0.421578,-0.038797,0.214626,0.349271,-0.060111,0.212999,0.329063,-0.073073,0.215933,0.341439,-0.078625
1781673680.8060546,299,0,Left,0.845605,0.71012,-0.0,0.769429,0.709488,-0.034744,0.698267,0.673138,-0.059799,0.651868,0.634371,-0.085671,0.658191,0.583979,-0.107145,0.706171,0.481973,-0.018016,0.673925,0.396947,-0.062014,0.662517,0.39345,-0.097751,0.670623,0.435138,-0.114607,0.749164,0.449665,-0.019664,0.722979,0.339095,-0.05817,0.714316,0.338693,-0.082854,0.722023,0.395941,-0.090641,0.798983,0.443326,-0.028703,0.784138,0.336814,-0.059555,0.774824,0.331093,-0.071989,0.775012,0.379439,-0.071995,0.85312,0.459025,-0.041947,0.858634,0.367822,-0.066804,0.844986,0.352411,-0.076027,0.831695,0.383307,-0.075255
1781673680.8060546,299,1,Right,0.237928,0.649197,0.0,0.300032,0.656753,-0.043559,0.364877,0.638355,-0.068102,0.390845,0.603402,-0.091697,0.359245,0.578048,-0.114877,0.370678,0.442589,-0.029572,0.406698,0.358881,-0.063782,0.417156,0.323579,-0.093744,0.415761,0.331716,-0.110176,0.324854,0.408227,-0.026944,0.350038,0.309423,-0.057087,0.356713,0.282226,-0.085805,0.35151,0.308186,-0.102762,0.276781,0.40357,-0.030175,0.290512,0.305932,-0.057141,0.292056,0.290313,-0.081615,0.288789,0.322362,-0.094672,0.225062,0.421689,-0.037372,0.216847,0.347055,-0.061551,0.215832,0.326154,-0.077983,0.21824,0.338007,-0.086262
1781673680.839139,300,0,Left,0.845788,0.706835,-0.0,0.769471,0.704673,-0.030624,0.697199,0.666175,-0.052633,0.651832,0.622157,-0.076255,0.662598,0.573271,-0.095679,0.705944,0.481205,-0.014659,0.672956,0.396567,-0.056192,0.664364,0.395404,-0.089791,0.675184,0.437232,-0.105711,0.748717,0.448751,-0.017527,0.72218,0.338658,-0.054281,0.715485,0.342732,-0.077805,0.724288,0.399677,-0.085391,0.798421,0.440632,-0.027284,0.782506,0.333448,-0.057009,0.774616,0.329591,-0.06929,0.776304,0.37896,-0.069708,0.852489,0.45334,-0.040879,0.85861,0.360915,-0.064705,0.845238,0.347023,-0.073769,0.832555,0.380249,-0.073435
1781673680.839139,300,1,Right,0.237098,0.649414,0.0,0.298559,0.657178,-0.041328,0.364543,0.634976,-0.064599,0.387817,0.592703,-0.08732,0.354654,0.562189,-0.109285,0.369529,0.443525,-0.028174,0.406127,0.354726,-0.065564,0.415605,0.323417,-0.096963,0.410829,0.342866,-0.112788,0.322993,0.408823,-0.026697,0.348636,0.303764,-0.059716,0.354384,0.287346,-0.088911,0.348868,0.325168,-0.104552,0.274981,0.403135,-0.030888,0.292228,0.301272,-0.059328,0.292016,0.299649,-0.080739,0.287672,0.342918,-0.090398,0.223411,0.420174,-0.038905,0.215813,0.343659,-0.062269,0.215342,0.327313,-0.075767,0.217896,0.342898,-0.081219
1781673680.872716,301,0,Left,0.846325,0.702818,-0.0,0.770006,0.701011,-0.030964,0.698416,0.665137,-0.05372,0.652584,0.621007,-0.078364,0.665398,0.569402,-0.098522,0.708579,0.481631,-0.015402,0.671819,0.392544,-0.059959,0.664498,0.398123,-0.095341,0.67687,0.446512,-0.111486,0.749743,0.449774,-0.018001,0.722855,0.337827,-0.056348,0.714889,0.344509,-0.079662,0.723076,0.404365,-0.08632,0.798729,0.440266,-0.02783,0.780836,0.332729,-0.058056,0.771839,0.329605,-0.069118,0.772332,0.380238,-0.068064,0.851552,0.449894,-0.041763,0.85759,0.357952,-0.065449,0.844813,0.343177,-0.073849,0.832471,0.375435,-0.072511
1781673680.872716,301,1,Right,0.237519,0.650264,0.0,0.298881,0.655082,-0.039368,0.364345,0.629717,-0.061339,0.389595,0.586463,-0.08284,0.355541,0.560418,-0.103794,0.368606,0.440158,-0.024611,0.404138,0.355363,-0.05746,0.416323,0.324588,-0.085763,0.41552,0.337302,-0.100542,0.322583,0.406141,-0.023332,0.346561,0.305313,-0.050425,0.355184,0.285408,-0.07463,0.352262,0.311876,-0.088361,0.27516,0.401103,-0.02768,0.289291,0.301686,-0.053173,0.293023,0.301007,-0.071158,0.291197,0.340231,-0.079384,0.223839,0.417713,-0.035837,0.218286,0.339772,-0.057782,0.220798,0.331987,-0.068112,0.224007,0.35545,-0.071729
1781673680.9061365,302,0,Left,0.842657,0.701216,-0.0,0.767901,0.700041,-0.036342,0.697207,0.664176,-0.062302,0.650447,0.62022,-0.089007,0.661946,0.564583,-0.110754,0.706079,0.482112,-0.021832,0.666402,0.392646,-0.069043,0.659244,0.397576,-0.105788,0.673207,0.446738,-0.12234,0.7484,0.449059,-0.021954,0.720966,0.337941,-0.062271,0.714152,0.344017,-0.08669,0.723128,0.40343,-0.093859,0.797982,0.438975,-0.029591,0.779494,0.333011,-0.060873,0.772305,0.327678,-0.071605,0.773972,0.376613,-0.070118,0.851443,0.447815,-0.041729,0.857074,0.356268,-0.065924,0.844414,0.340661,-0.074128,0.831523,0.37192,-0.072431
1781673680.9061365,302,1,Right,0.238073,0.647178,0.0,0.301548,0.652531,-0.037645,0.368341,0.626522,-0.057246,0.391566,0.579537,-0.076476,0.357332,0.554527,-0.095063,0.367519,0.438868,-0.022493,0.403119,0.358263,-0.053446,0.415947,0.327445,-0.079671,0.416782,0.337859,-0.093321,0.322492,0.404488,-0.021237,0.346815,0.303312,-0.048697,0.354454,0.283375,-0.071782,0.350403,0.314579,-0.083833,0.275714,0.399302,-0.025308,0.288664,0.29958,-0.050189,0.290365,0.300116,-0.065994,0.288697,0.34174,-0.072009,0.224789,0.416067,-0.033151,0.217224,0.338583,-0.054167,0.219033,0.327983,-0.063709,0.22316,0.349572,-0.06633
1781673680.9392004,303,0,Left,0.843846,0.700899,0.0,0.771021,0.705289,-0.033655,0.701029,0.674413,-0.057248,0.657453,0.638514,-0.081547,0.651767,0.588173,-0.101533,0.702444,0.486008,-0.023019,0.66162,0.402014,-0.068315,0.654562,0.39358,-0.103319,0.668897,0.434023,-0.118911,0.744961,0.447381,-0.024915,0.710825,0.33783,-0.064388,0.708715,0.329594,-0.089991,0.723892,0.383204,-0.098265,0.794601,0.435639,-0.033612,0.774577,0.329664,-0.065767,0.771352,0.320104,-0.078029,0.774335,0.36696,-0.077505,0.848631,0.444975,-0.046197,0.854514,0.355427,-0.073719,0.846666,0.335246,-0.083639,0.837295,0.362783,-0.082335
1781673680.9392004,303,1,Right,0.2368,0.650943,0.0,0.301642,0.649354,-0.037667,0.362205,0.628381,-0.056526,0.391292,0.585845,-0.074256,0.366907,0.552708,-0.090851,0.362902,0.437986,-0.016152,0.395949,0.368442,-0.037071,0.412529,0.336909,-0.058264,0.424038,0.320533,-0.072271,0.321674,0.403476,-0.013757,0.345943,0.315563,-0.03025,0.357322,0.285988,-0.047834,0.362175,0.284819,-0.059246,0.276426,0.396879,-0.016719,0.292424,0.309487,-0.032161,0.296391,0.291048,-0.044896,0.298271,0.298556,-0.052192,0.22624,0.414728,-0.024016,0.218654,0.35067,-0.038446,0.217779,0.324453,-0.045724,0.219856,0.317872,-0.048888
1781673680.9726691,304,0,Left,0.846185,0.706398,0.0,0.76949,0.709553,-0.03075,0.697242,0.682025,-0.049355,0.651291,0.653875,-0.066989,0.61957,0.62368,-0.082647,0.702859,0.483966,-0.022144,0.660915,0.403253,-0.052954,0.630237,0.370152,-0.079682,0.608359,0.369503,-0.094402,0.746435,0.442856,-0.024786,0.711356,0.345083,-0.049272,0.691771,0.300904,-0.069426,0.681728,0.304608,-0.080039,0.795156,0.431903,-0.033202,0.777851,0.332428,-0.060897,0.770096,0.299901,-0.076868,0.762511,0.316803,-0.082393,0.847194,0.444152,-0.044478,0.855197,0.358948,-0.07265,0.851175,0.328332,-0.084888,0.842992,0.337709,-0.087494
1781673680.9726691,304,1,Right,0.230281,0.652997,1e-06,0.295989,0.654198,-0.037052,0.357742,0.63214,-0.053476,0.39873,0.599953,-0.067754,0.435274,0.583361,-0.080083,0.35624,0.438838,-0.017695,0.400308,0.364154,-0.035072,0.425375,0.317021,-0.052997,0.446368,0.2754,-0.066561,0.315564,0.401937,-0.014421,0.342686,0.312029,-0.025392,0.358384,0.257205,-0.039563,0.372667,0.21253,-0.050969,0.272359,0.39356,-0.016571,0.287387,0.307695,-0.028596,0.293774,0.251842,-0.042688,0.301868,0.204276,-0.053454,0.224915,0.409107,-0.023029,0.211991,0.347719,-0.036668,0.202305,0.306071,-0.044881,0.196097,0.267303,-0.049715
1781673681.0061266,305,0,Left,0.846986,0.707223,0.0,0.767673,0.704512,-0.028671,0.693304,0.675357,-0.045757,0.637467,0.654226,-0.061102,0.589672,0.647962,-0.077337,0.7063,0.486394,-0.02644,0.650512,0.406816,-0.049645,0.614846,0.360177,-0.071057,0.583613,0.321107,-0.087042,0.748738,0.445527,-0.031857,0.708092,0.339462,-0.048516,0.68043,0.27573,-0.066684,0.654842,0.223588,-0.08116,0.797008,0.436122,-0.041697,0.781788,0.332182,-0.060871,0.769154,0.270875,-0.077229,0.754247,0.22007,-0.089674,0.847045,0.452014,-0.05437,0.85586,0.370014,-0.072093,0.858714,0.320511,-0.079663,0.857575,0.276473,-0.084972
1781673681.0061266,305,1,Right,0.232353,0.655098,1e-06,0.296855,0.655363,-0.040151,0.356011,0.635655,-0.063319,0.407159,0.620031,-0.084366,0.454143,0.621519,-0.104224,0.351646,0.435854,-0.031955,0.400372,0.355648,-0.054653,0.429194,0.303547,-0.07516,0.453009,0.258623,-0.090505,0.309931,0.401107,-0.030534,0.338395,0.30119,-0.047881,0.355836,0.240963,-0.064497,0.370152,0.192577,-0.077324,0.266094,0.395085,-0.034057,0.279966,0.297311,-0.052025,0.286368,0.234246,-0.068224,0.293977,0.180978,-0.079678,0.219333,0.413861,-0.041778,0.200592,0.339211,-0.06075,0.18798,0.289015,-0.070981,0.180031,0.241938,-0.076704
1781673681.0392945,306,0,Left,0.848128,0.707223,1e-06,0.768757,0.709661,-0.031457,0.691013,0.682591,-0.051607,0.629316,0.666327,-0.0695,0.577658,0.671146,-0.088838,0.704466,0.484757,-0.036326,0.644764,0.398663,-0.060345,0.608723,0.344449,-0.081371,0.579087,0.297647,-0.097719,0.7465,0.443043,-0.041538,0.70374,0.327388,-0.061094,0.67638,0.256119,-0.080555,0.652626,0.198013,-0.095794,0.795567,0.43325,-0.050633,0.779996,0.317834,-0.073522,0.768587,0.246645,-0.09318,0.755389,0.186446,-0.107627,0.84669,0.448619,-0.062318,0.858983,0.357509,-0.08415,0.864974,0.300211,-0.094883,0.867363,0.248779,-0.102233
1781673681.0392945,306,1,Right,0.233499,0.65947,1e-06,0.298818,0.658463,-0.04289,0.35814,0.640293,-0.070194,0.410805,0.632694,-0.094971,0.45864,0.640491,-0.118991,0.347511,0.436917,-0.042803,0.39749,0.35157,-0.069197,0.42643,0.295707,-0.091281,0.450467,0.247142,-0.107496,0.304791,0.40235,-0.041819,0.334834,0.295414,-0.062822,0.35254,0.228153,-0.080814,0.366404,0.172823,-0.09434,0.26074,0.397273,-0.045398,0.273368,0.292696,-0.065945,0.280293,0.225749,-0.083058,0.288238,0.168625,-0.094843,0.214619,0.41827,-0.053219,0.193736,0.339174,-0.07378,0.180768,0.286138,-0.084181,0.172988,0.236127,-0.089948
1781673681.07215,307,0,Left,0.846352,0.712981,1e-06,0.766538,0.710526,-0.031649,0.688844,0.682372,-0.050707,0.62676,0.670614,-0.067597,0.575754,0.679662,-0.086194,0.703234,0.483499,-0.034896,0.644898,0.393397,-0.058718,0.609138,0.335129,-0.079433,0.580724,0.285241,-0.095611,0.746572,0.443067,-0.039798,0.705393,0.324347,-0.059004,0.678793,0.250632,-0.078057,0.656079,0.190609,-0.093088,0.796397,0.433323,-0.048916,0.781567,0.314094,-0.072441,0.771275,0.239731,-0.092901,0.759448,0.177364,-0.107809,0.84724,0.448751,-0.060606,0.860711,0.35684,-0.084226,0.868761,0.29742,-0.096395,0.873338,0.244542,-0.104656
1781673681.07215,307,1,Right,0.229366,0.66081,1e-06,0.296423,0.658895,-0.042632,0.358569,0.641137,-0.070308,0.412801,0.635712,-0.095717,0.462154,0.647575,-0.120419,0.34516,0.437448,-0.042236,0.396054,0.350392,-0.069519,0.425644,0.29419,-0.092122,0.450445,0.245442,-0.108481,0.302116,0.403448,-0.041874,0.333521,0.295728,-0.06347,0.351983,0.2282,-0.081728,0.366921,0.172027,-0.0954,0.257435,0.39821,-0.046229,0.270376,0.292764,-0.067429,0.277977,0.224961,-0.084753,0.286681,0.166966,-0.096493,0.210817,0.418987,-0.054843,0.190286,0.339251,-0.075577,0.177485,0.285991,-0.085545,0.169727,0.235306,-0.090947
1781673681.1059146,308,0,Left,0.847728,0.711675,1e-06,0.767443,0.709441,-0.031692,0.687616,0.680496,-0.050084,0.623455,0.671075,-0.066286,0.571771,0.684177,-0.084226,0.703346,0.48175,-0.033452,0.644973,0.392422,-0.055831,0.60985,0.333815,-0.075687,0.582526,0.283409,-0.091522,0.746352,0.440894,-0.037836,0.705189,0.321986,-0.055494,0.680384,0.248355,-0.073409,0.659734,0.18841,-0.087943,0.796324,0.431032,-0.046532,0.781413,0.312247,-0.068679,0.772321,0.237931,-0.088493,0.761665,0.175325,-0.103273,0.847574,0.446242,-0.057914,0.860205,0.35441,-0.080537,0.869114,0.295626,-0.092276,0.874416,0.243691,-0.100516
1781673681.1059146,308,1,Right,0.228027,0.661734,1e-06,0.294722,0.659503,-0.042772,0.356897,0.641921,-0.070541,0.411394,0.639225,-0.09617,0.460531,0.652585,-0.121195,0.343886,0.437453,-0.042771,0.393679,0.350974,-0.070213,0.42327,0.294707,-0.092992,0.447909,0.245595,-0.109482,0.300852,0.402726,-0.042394,0.332571,0.29575,-0.063706,0.351273,0.228189,-0.081674,0.366069,0.1721,-0.095224,0.256112,0.397538,-0.04679,0.268085,0.293559,-0.067262,0.275378,0.226105,-0.084469,0.283642,0.16799,-0.096332,0.209514,0.418972,-0.055567,0.188321,0.34,-0.075493,0.175236,0.286706,-0.085377,0.167102,0.235557,-0.090954
1781673681.1394942,309,0,Left,0.849756,0.710984,1e-06,0.767668,0.707503,-0.029457,0.686934,0.677523,-0.04681,0.622397,0.667446,-0.062517,0.570654,0.679634,-0.080108,0.70402,0.480426,-0.030959,0.645708,0.389187,-0.052834,0.610922,0.329878,-0.072348,0.583907,0.279342,-0.087889,0.747052,0.440881,-0.036452,0.705826,0.321671,-0.053778,0.680306,0.247878,-0.071963,0.659174,0.187632,-0.086712,0.796818,0.431291,-0.046091,0.781002,0.311004,-0.068001,0.770998,0.236292,-0.088167,0.759764,0.173498,-0.103277,0.84813,0.446446,-0.058188,0.860865,0.354285,-0.08065,0.869338,0.294617,-0.092491,0.87455,0.241659,-0.100851
1781673681.1394942,309,1,Right,0.223342,0.660959,1e-06,0.291309,0.659813,-0.044403,0.354249,0.642481,-0.072532,0.409698,0.637815,-0.098062,0.459531,0.650955,-0.122774,0.341505,0.437174,-0.042787,0.392098,0.351011,-0.069876,0.421948,0.294046,-0.092671,0.446873,0.244658,-0.109259,0.298656,0.401933,-0.041187,0.330599,0.294835,-0.062235,0.348929,0.227186,-0.080389,0.363721,0.17121,-0.094101,0.254222,0.396173,-0.044453,0.267398,0.292474,-0.064698,0.275039,0.225631,-0.081873,0.283775,0.168549,-0.093697,0.207611,0.41673,-0.05225,0.187212,0.337831,-0.071943,0.174758,0.284223,-0.081887,0.167472,0.233141,-0.087485
1781673681.1723135,310,0,Left,0.848531,0.709458,1e-06,0.767761,0.70373,-0.029717,0.687786,0.67488,-0.047963,0.62366,0.66485,-0.064645,0.572039,0.676929,-0.083094,0.704621,0.478672,-0.032321,0.646052,0.387473,-0.055138,0.611534,0.328396,-0.075049,0.585133,0.277246,-0.090675,0.747578,0.439221,-0.037865,0.706285,0.320554,-0.055818,0.681283,0.246894,-0.073911,0.66096,0.186433,-0.088455,0.797351,0.429307,-0.047592,0.781009,0.310851,-0.069725,0.770926,0.236625,-0.089341,0.759967,0.174654,-0.103895,0.848852,0.443899,-0.05988,0.861084,0.351576,-0.08196,0.869477,0.292299,-0.09326,0.874693,0.240314,-0.101149
1781673681.1723135,310,1,Right,0.226777,0.664107,1e-06,0.294768,0.659929,-0.042438,0.35709,0.64058,-0.069841,0.410605,0.637773,-0.095187,0.457967,0.653919,-0.120094,0.339636,0.436946,-0.041929,0.389684,0.350031,-0.068919,0.419807,0.293517,-0.091617,0.44474,0.244596,-0.108099,0.296755,0.403625,-0.041555,0.328971,0.295822,-0.062806,0.347642,0.227735,-0.081039,0.362047,0.172465,-0.094736,0.252632,0.39893,-0.045886,0.26592,0.293423,-0.066281,0.274294,0.226795,-0.08365,0.283359,0.171004,-0.095555,0.206592,0.419929,-0.054557,0.186216,0.339953,-0.074125,0.173766,0.286303,-0.08398,0.166324,0.236431,-0.08961
1781673681.2059968,311,0,Left,0.849885,0.70739,1e-06,0.768874,0.704401,-0.031426,0.688948,0.67489,-0.04963,0.625025,0.664248,-0.065763,0.573346,0.675167,-0.083564,0.705224,0.478132,-0.033579,0.64677,0.385737,-0.056159,0.612617,0.326226,-0.075785,0.586154,0.275453,-0.091226,0.748363,0.438164,-0.03805,0.706259,0.318979,-0.056,0.680445,0.245607,-0.07404,0.659169,0.18597,-0.088538,0.798224,0.428073,-0.04682,0.781569,0.308906,-0.069145,0.771201,0.234816,-0.089141,0.759933,0.172836,-0.103949,0.849681,0.442306,-0.058233,0.861511,0.349893,-0.080915,0.869396,0.290698,-0.092833,0.873978,0.23842,-0.101136
1781673681.2059968,311,1,Right,0.2251,0.661325,1e-06,0.292001,0.659655,-0.043908,0.354868,0.641605,-0.071182,0.409457,0.637023,-0.096013,0.458946,0.650645,-0.120198,0.339264,0.436793,-0.040536,0.388751,0.3512,-0.066986,0.418191,0.293932,-0.089518,0.442983,0.244106,-0.106056,0.296485,0.402029,-0.039048,0.328264,0.295695,-0.059328,0.346699,0.228024,-0.07723,0.362142,0.172071,-0.090889,0.251997,0.396589,-0.042573,0.265361,0.293121,-0.062496,0.273282,0.226404,-0.07983,0.282922,0.169521,-0.091833,0.205225,0.417272,-0.050648,0.185079,0.340055,-0.070081,0.172852,0.287196,-0.08009,0.16613,0.236579,-0.085901
1781673681.2389421,312,0,Left,0.850536,0.705271,1e-06,0.769426,0.701855,-0.02932,0.689817,0.672669,-0.046955,0.62596,0.661095,-0.062971,0.574443,0.671379,-0.080834,0.706599,0.476156,-0.03197,0.649282,0.383977,-0.054326,0.614694,0.324276,-0.074024,0.587811,0.273433,-0.089606,0.748875,0.436981,-0.03755,0.70729,0.317932,-0.055281,0.681469,0.244344,-0.073569,0.660191,0.184648,-0.08836,0.798345,0.42707,-0.047158,0.781773,0.307919,-0.06933,0.771297,0.233474,-0.089381,0.760023,0.171411,-0.104348,0.84978,0.441562,-0.059226,0.862305,0.349052,-0.081849,0.870736,0.289648,-0.093653,0.876163,0.237666,-0.1019
1781673681.2389421,312,1,Right,0.224046,0.661811,1e-06,0.292112,0.658977,-0.043683,0.35442,0.641196,-0.071377,0.407852,0.636336,-0.096681,0.456741,0.648983,-0.121239,0.339276,0.435577,-0.040748,0.388206,0.349801,-0.067631,0.41731,0.29343,-0.090295,0.442022,0.244788,-0.106786,0.296233,0.402154,-0.039711,0.328065,0.29636,-0.060789,0.34651,0.228857,-0.078872,0.361871,0.17345,-0.092478,0.251384,0.397926,-0.043764,0.265223,0.294206,-0.064655,0.273553,0.227588,-0.082292,0.283473,0.171032,-0.09429,0.204829,0.419616,-0.052259,0.184549,0.341816,-0.072703,0.17227,0.288917,-0.083158,0.165483,0.238216,-0.089109
1781673681.2728074,313,0,Left,0.849984,0.704557,1e-06,0.768887,0.700186,-0.029157,0.688564,0.671043,-0.046658,0.624635,0.659564,-0.06245,0.573149,0.669385,-0.079948,0.706472,0.472729,-0.031668,0.649169,0.380189,-0.053605,0.615184,0.321168,-0.073012,0.588807,0.270934,-0.088334,0.749269,0.434663,-0.037156,0.707919,0.315156,-0.054355,0.682559,0.241613,-0.072128,0.661775,0.181906,-0.086453,0.79908,0.425655,-0.046742,0.782592,0.306754,-0.068497,0.77184,0.232636,-0.08838,0.760151,0.170509,-0.103176,0.850745,0.440812,-0.058775,0.863675,0.348213,-0.08121,0.871971,0.288738,-0.093111,0.876947,0.23607,-0.101359
1781673681.2728074,313,1,Right,0.223116,0.662766,1e-06,0.2898,0.657972,-0.041561,0.352031,0.638333,-0.068074,0.405784,0.634506,-0.092524,0.452953,0.648298,-0.116326,0.335718,0.434878,-0.039114,0.386377,0.348122,-0.065179,0.416094,0.2916,-0.087323,0.441069,0.242457,-0.103495,0.294495,0.401918,-0.038811,0.328209,0.295639,-0.058668,0.346691,0.227533,-0.076234,0.361492,0.171519,-0.08965,0.25101,0.397606,-0.043321,0.265419,0.293267,-0.062796,0.273494,0.226274,-0.079951,0.282564,0.169439,-0.091904,0.204687,0.419333,-0.052123,0.18426,0.341629,-0.071358,0.171842,0.288611,-0.081176,0.16461,0.238104,-0.08683
1781673681.3078506,314,0,Left,0.852442,0.70517,1e-06,0.770905,0.700983,-0.030398,0.691172,0.672075,-0.048642,0.627342,0.659758,-0.065115,0.575938,0.66796,-0.083269,0.708068,0.474733,-0.032381,0.651198,0.380155,-0.054976,0.617093,0.320246,-0.074976,0.590423,0.269425,-0.090692,0.75101,0.435681,-0.037547,0.709148,0.315984,-0.055359,0.683338,0.242092,-0.073813,0.662134,0.181618,-0.088668,0.800939,0.425927,-0.046923,0.78402,0.306053,-0.069129,0.773674,0.231447,-0.089295,0.76259,0.169028,-0.104282,0.852866,0.44027,-0.058883,0.865276,0.348,-0.081411,0.873713,0.288551,-0.093206,0.879225,0.236068,-0.101388
1781673681.3078506,314,1,Right,0.223535,0.662169,1e-06,0.287884,0.657867,-0.042604,0.347876,0.640441,-0.070334,0.40069,0.634281,-0.095912,0.44808,0.641749,-0.120801,0.337027,0.436261,-0.041848,0.385988,0.349174,-0.069343,0.415029,0.291621,-0.092153,0.439666,0.241893,-0.108792,0.295445,0.402806,-0.041479,0.32669,0.29598,-0.062939,0.34515,0.228196,-0.081176,0.360527,0.172283,-0.095003,0.251491,0.398964,-0.045949,0.263725,0.294744,-0.066765,0.271463,0.226906,-0.084386,0.280851,0.168796,-0.096707,0.205397,0.421678,-0.054763,0.184457,0.344523,-0.075237,0.171714,0.291422,-0.08576,0.163982,0.240822,-0.091898
1781673681.3396819,315,0,Left,0.850379,0.707612,1e-06,0.770072,0.702814,-0.029944,0.691537,0.673136,-0.048102,0.628462,0.660389,-0.064571,0.576683,0.668973,-0.082881,0.708816,0.476562,-0.033454,0.652533,0.381642,-0.056739,0.618054,0.321096,-0.07697,0.590996,0.269726,-0.092779,0.751223,0.438386,-0.038955,0.710035,0.317277,-0.057618,0.684105,0.242391,-0.076117,0.66265,0.181928,-0.090881,0.800652,0.428797,-0.048559,0.784228,0.308491,-0.071383,0.773858,0.232962,-0.091459,0.762556,0.169895,-0.106297,0.852254,0.442873,-0.060698,0.865578,0.349916,-0.083823,0.874482,0.289422,-0.095867,0.880156,0.236341,-0.104191
1781673681.3396819,315,1,Right,0.221515,0.662625,1e-06,0.285527,0.657173,-0.043289,0.344123,0.638446,-0.070337,0.394855,0.627795,-0.095062,0.441032,0.631945,-0.118876,0.338179,0.439224,-0.039812,0.384222,0.353789,-0.066252,0.410051,0.296149,-0.088913,0.431217,0.244664,-0.105853,0.296635,0.406035,-0.03885,0.325801,0.303198,-0.059575,0.341683,0.237196,-0.077874,0.354557,0.181707,-0.092267,0.252236,0.401575,-0.043,0.26289,0.30263,-0.063516,0.268626,0.238713,-0.08094,0.275343,0.184745,-0.093392,0.20517,0.422281,-0.051702,0.184277,0.346343,-0.072089,0.170479,0.294689,-0.08292,0.161169,0.245979,-0.089559
1781673681.3724837,316,0,Left,0.852077,0.708615,1e-06,0.772322,0.70545,-0.029494,0.693988,0.676189,-0.047669,0.631912,0.661568,-0.064257,0.580953,0.666758,-0.082698,0.708875,0.481053,-0.033496,0.651205,0.387974,-0.057129,0.616624,0.328187,-0.077598,0.589487,0.277158,-0.093596,0.750771,0.442381,-0.039525,0.708126,0.321341,-0.058871,0.682146,0.24662,-0.077945,0.660553,0.185853,-0.093086,0.800112,0.432898,-0.049572,0.783108,0.312249,-0.073092,0.773092,0.236642,-0.093504,0.761919,0.173407,-0.108568,0.852317,0.447245,-0.062049,0.865312,0.353926,-0.085481,0.874737,0.293659,-0.097475,0.880536,0.240839,-0.105815
1781673681.3724837,316,1,Right,0.222158,0.659325,1e-06,0.286967,0.655534,-0.042553,0.347062,0.63436,-0.066694,0.395451,0.6192,-0.088679,0.438208,0.622154,-0.109637,0.341766,0.440253,-0.035494,0.383795,0.356971,-0.059455,0.404984,0.301785,-0.080793,0.422026,0.251422,-0.096951,0.298317,0.406637,-0.033057,0.321116,0.309468,-0.051742,0.33393,0.249504,-0.068866,0.344985,0.198615,-0.082451,0.253722,0.401941,-0.035714,0.261346,0.312028,-0.053706,0.263514,0.254866,-0.06869,0.266558,0.206704,-0.079582,0.207226,0.421237,-0.043192,0.187179,0.349759,-0.061377,0.172565,0.300302,-0.070882,0.161234,0.254464,-0.076479
1781673681.407005,317,0,Left,0.85258,0.711134,0.0,0.773174,0.707169,-0.027035,0.698866,0.679164,-0.044001,0.647277,0.657213,-0.059875,0.604823,0.646699,-0.077082,0.709554,0.490967,-0.030841,0.653257,0.403041,-0.055488,0.61879,0.349228,-0.076894,0.589951,0.3038,-0.092817,0.75182,0.451658,-0.037961,0.709057,0.338391,-0.05698,0.682183,0.26823,-0.076052,0.658918,0.210724,-0.091123,0.800083,0.441176,-0.049007,0.781697,0.33051,-0.071625,0.771363,0.260613,-0.089988,0.759864,0.202893,-0.103448,0.851725,0.454252,-0.062493,0.860926,0.366652,-0.084057,0.868991,0.311192,-0.093363,0.874462,0.263304,-0.099547
1781673681.407005,317,1,Right,0.2345,0.653622,0.0,0.290488,0.652219,-0.034233,0.34381,0.633632,-0.057923,0.370675,0.612547,-0.082707,0.365698,0.588818,-0.105889,0.346709,0.445002,-0.02716,0.377165,0.342639,-0.065553,0.371335,0.347019,-0.095675,0.35883,0.388508,-0.110155,0.30034,0.421706,-0.028752,0.319689,0.309777,-0.060358,0.312305,0.328205,-0.084411,0.304899,0.374767,-0.096702,0.254285,0.421034,-0.035519,0.264198,0.320855,-0.059903,0.259683,0.343055,-0.071383,0.256193,0.38979,-0.075148,0.206904,0.438934,-0.045926,0.202176,0.36255,-0.061154,0.202492,0.370567,-0.063041,0.204764,0.40176,-0.061186
1781673681.439806,318,0,Left,0.847374,0.70809,0.0,0.773903,0.710894,-0.025701,0.705634,0.687542,-0.041597,0.665421,0.662698,-0.057039,0.640933,0.635895,-0.072084,0.703538,0.49422,-0.018125,0.659691,0.418302,-0.039375,0.630191,0.383015,-0.061345,0.602997,0.358964,-0.077514,0.746705,0.453401,-0.024206,0.710649,0.358764,-0.037878,0.687431,0.309189,-0.055368,0.665185,0.275944,-0.0703,0.794231,0.443664,-0.035009,0.782874,0.349074,-0.052964,0.774988,0.301117,-0.068394,0.760069,0.273492,-0.080691,0.84527,0.459032,-0.048659,0.851883,0.381267,-0.066963,0.850211,0.363353,-0.072462,0.840775,0.366011,-0.076153
1781673681.439806,318,1,Right,0.22966,0.662005,-0.0,0.29003,0.65981,-0.029646,0.347951,0.628988,-0.04908,0.340657,0.576799,-0.069928,0.299102,0.541466,-0.088678,0.348957,0.467584,-0.018922,0.37749,0.364275,-0.055738,0.367508,0.387872,-0.08052,0.356031,0.434132,-0.09126,0.303766,0.441925,-0.021773,0.329257,0.328086,-0.056691,0.314043,0.372397,-0.074661,0.304602,0.427583,-0.078679,0.259975,0.434313,-0.029908,0.274258,0.321693,-0.057876,0.263399,0.368868,-0.060984,0.256714,0.425667,-0.055364,0.212401,0.44483,-0.041156,0.209306,0.370706,-0.05838,0.209623,0.396027,-0.055723,0.211352,0.435776,-0.048505
1781673681.472455,319,0,Left,0.842951,0.708281,0.0,0.770411,0.718084,-0.035572,0.698383,0.688491,-0.05934,0.64967,0.651077,-0.083287,0.661655,0.607805,-0.103218,0.698121,0.496542,-0.018941,0.658298,0.414148,-0.061309,0.637527,0.394844,-0.096228,0.637394,0.427128,-0.113422,0.741749,0.454842,-0.020493,0.710096,0.355067,-0.054271,0.692156,0.321105,-0.079085,0.692305,0.352799,-0.090227,0.791014,0.445834,-0.029623,0.776909,0.34424,-0.060299,0.764724,0.323367,-0.073532,0.758955,0.358846,-0.075406,0.843801,0.460131,-0.042726,0.845369,0.378787,-0.07104,0.838103,0.368972,-0.080595,0.830765,0.403456,-0.079903
1781673681.472455,319,1,Right,0.229164,0.663138,-0.0,0.286956,0.665815,-0.030223,0.338219,0.62751,-0.04847,0.323006,0.569933,-0.068324,0.278451,0.541405,-0.084423,0.354429,0.476211,-0.018652,0.387224,0.377896,-0.056221,0.367522,0.424285,-0.077562,0.350972,0.470527,-0.086113,0.308479,0.448033,-0.021211,0.338436,0.342503,-0.059175,0.316317,0.407043,-0.073634,0.304883,0.458928,-0.074481,0.265322,0.436009,-0.029689,0.282184,0.324871,-0.060975,0.267308,0.387006,-0.061762,0.259379,0.443699,-0.053377,0.218883,0.441095,-0.04113,0.219442,0.360216,-0.058334,0.217246,0.390066,-0.055261,0.217455,0.431163,-0.047888
1781673681.5063615,320,0,Left,0.839704,0.709712,0.0,0.768509,0.717338,-0.035572,0.697319,0.686852,-0.062995,0.648366,0.649082,-0.091787,0.673834,0.603927,-0.116293,0.692533,0.495515,-0.020608,0.655256,0.407123,-0.068962,0.637806,0.399145,-0.108119,0.64334,0.44666,-0.127279,0.736872,0.457518,-0.024187,0.703546,0.344458,-0.066509,0.689265,0.331221,-0.094743,0.695466,0.386451,-0.105019,0.787054,0.450249,-0.035248,0.771442,0.340843,-0.067317,0.759641,0.330143,-0.078355,0.75753,0.37552,-0.07755,0.842724,0.465795,-0.050738,0.841479,0.379143,-0.075108,0.832303,0.37185,-0.08132,0.824693,0.408685,-0.078466
1781673681.5063615,320,1,Right,0.230251,0.666805,-0.0,0.287883,0.672178,-0.035303,0.341615,0.633242,-0.055568,0.328111,0.572056,-0.076318,0.281789,0.548267,-0.093786,0.354378,0.482671,-0.023167,0.385554,0.388226,-0.061252,0.368968,0.427857,-0.083854,0.351833,0.474898,-0.093548,0.308947,0.452512,-0.023712,0.338372,0.348205,-0.06217,0.317111,0.410624,-0.077646,0.305007,0.462229,-0.07925,0.266045,0.440033,-0.030424,0.281789,0.333777,-0.06241,0.267735,0.392796,-0.064957,0.258791,0.447735,-0.057919,0.218655,0.444724,-0.040526,0.220946,0.365379,-0.058492,0.219867,0.394197,-0.056508,0.218893,0.434703,-0.050246
1781673681.5396917,321,0,Left,0.838815,0.715099,-0.0,0.766524,0.71974,-0.033272,0.694845,0.685153,-0.059581,0.646505,0.64175,-0.087806,0.676008,0.599354,-0.111706,0.694777,0.497965,-0.017438,0.660623,0.408996,-0.064384,0.647811,0.409692,-0.10297,0.657515,0.458194,-0.122753,0.737822,0.462414,-0.022213,0.703508,0.348873,-0.065048,0.691168,0.349076,-0.093376,0.699316,0.407631,-0.104174,0.787433,0.454991,-0.03402,0.770176,0.342321,-0.065487,0.760266,0.343266,-0.074828,0.76042,0.391789,-0.073558,0.843542,0.47,-0.050252,0.84188,0.379298,-0.072533,0.832839,0.376337,-0.077021,0.826411,0.413079,-0.074098
1781673681.5396917,321,1,Right,0.231611,0.668287,-0.0,0.289212,0.672023,-0.035764,0.343372,0.636958,-0.056953,0.335977,0.577084,-0.078709,0.291611,0.554777,-0.097435,0.354505,0.490481,-0.026113,0.386095,0.397624,-0.064732,0.36796,0.437624,-0.087651,0.35209,0.483071,-0.09803,0.309876,0.459258,-0.027533,0.339947,0.354709,-0.067219,0.318038,0.415718,-0.083261,0.306184,0.468403,-0.085606,0.266128,0.445669,-0.035011,0.28205,0.337056,-0.068955,0.267862,0.395426,-0.072336,0.259176,0.452131,-0.065807,0.217775,0.449055,-0.045885,0.220905,0.367297,-0.066039,0.21935,0.395867,-0.065269,0.217711,0.437785,-0.059954
1781673681.5730524,322,0,Left,0.839114,0.715748,-0.0,0.767734,0.72068,-0.030124,0.695984,0.683417,-0.054137,0.649494,0.637161,-0.080734,0.678431,0.598291,-0.103479,0.696499,0.495498,-0.013361,0.659861,0.404652,-0.056937,0.648404,0.411692,-0.09387,0.659462,0.462127,-0.113436,0.738589,0.463033,-0.019088,0.705823,0.347263,-0.059528,0.694793,0.358844,-0.08794,0.70339,0.419775,-0.099618,0.787015,0.455979,-0.031365,0.769117,0.339258,-0.060061,0.758115,0.348964,-0.071983,0.758843,0.402415,-0.07388,0.843179,0.470591,-0.047822,0.841179,0.38164,-0.067144,0.830492,0.38129,-0.073253,0.823649,0.418518,-0.073086
1781673681.5730524,322,1,Right,0.23119,0.669127,-0.0,0.29051,0.67508,-0.032954,0.346758,0.636367,-0.051055,0.341673,0.576836,-0.069839,0.297403,0.552324,-0.084793,0.358938,0.489169,-0.02091,0.389503,0.399957,-0.058709,0.366631,0.448948,-0.080519,0.347163,0.494998,-0.089553,0.313293,0.457209,-0.022344,0.341974,0.356543,-0.059996,0.31866,0.423262,-0.073703,0.306365,0.474969,-0.074061,0.268521,0.443476,-0.029874,0.284901,0.336895,-0.061687,0.269349,0.399169,-0.062538,0.260036,0.454428,-0.054121,0.219586,0.44721,-0.040603,0.222822,0.368053,-0.058147,0.220561,0.398049,-0.05517,0.218679,0.438762,-0.048069
1781673681.6062105,323,0,Left,0.837868,0.714186,-0.0,0.766973,0.716741,-0.031615,0.69692,0.681118,-0.056058,0.653055,0.635015,-0.082731,0.68015,0.593032,-0.105561,0.693215,0.494856,-0.014891,0.658114,0.408328,-0.059752,0.647812,0.412486,-0.09773,0.658577,0.462976,-0.117393,0.737501,0.459325,-0.020158,0.706517,0.346433,-0.060331,0.695961,0.35321,-0.088626,0.703883,0.412684,-0.100245,0.787615,0.451749,-0.032242,0.773223,0.341748,-0.061693,0.762958,0.350233,-0.072614,0.763358,0.402843,-0.073341,0.84414,0.467128,-0.048612,0.843146,0.378687,-0.06789,0.832102,0.380738,-0.071958,0.825194,0.420946,-0.069849
1781673681.6062105,323,1,Right,0.232969,0.668361,-0.0,0.292526,0.675063,-0.036584,0.350283,0.637242,-0.056846,0.348497,0.577793,-0.077231,0.302672,0.553596,-0.093571,0.36076,0.487667,-0.023351,0.390393,0.399545,-0.06365,0.367977,0.447928,-0.087035,0.349251,0.494996,-0.096579,0.314615,0.457341,-0.023205,0.341775,0.358814,-0.063892,0.31818,0.425267,-0.07881,0.306598,0.47719,-0.079178,0.270332,0.444664,-0.029687,0.284672,0.340023,-0.063465,0.269938,0.400778,-0.065415,0.262187,0.456042,-0.057226,0.222268,0.448913,-0.039719,0.223112,0.374782,-0.058103,0.221759,0.404141,-0.056363,0.221797,0.444312,-0.049955
1781673681.6392922,324,0,Left,0.837728,0.713756,-0.0,0.766587,0.714054,-0.031975,0.696333,0.677134,-0.056948,0.653696,0.628918,-0.083988,0.682377,0.586981,-0.107279,0.693649,0.495015,-0.016903,0.655286,0.40945,-0.062662,0.644232,0.411984,-0.100297,0.654364,0.458727,-0.119426,0.737193,0.460958,-0.021604,0.704862,0.351174,-0.062731,0.698611,0.360586,-0.089814,0.708995,0.419526,-0.099792,0.787386,0.452494,-0.033062,0.770214,0.342445,-0.064378,0.762114,0.3521,-0.075195,0.76385,0.40629,-0.074797,0.843933,0.46619,-0.048713,0.844138,0.379845,-0.070342,0.834621,0.37765,-0.076013,0.828341,0.412687,-0.074111
1781673681.6392922,324,1,Right,0.234606,0.672077,-0.0,0.293058,0.676404,-0.034913,0.351921,0.639233,-0.05358,0.349668,0.578377,-0.072021,0.304671,0.554625,-0.085948,0.361598,0.48884,-0.020871,0.388949,0.401817,-0.059335,0.368564,0.450171,-0.081034,0.352413,0.494938,-0.089571,0.315737,0.457844,-0.020882,0.340686,0.361403,-0.059613,0.320428,0.426589,-0.071844,0.310423,0.476146,-0.070341,0.270743,0.445566,-0.027405,0.283664,0.343799,-0.06023,0.271266,0.405161,-0.058401,0.264897,0.456376,-0.047497,0.221674,0.450018,-0.03748,0.223772,0.378771,-0.055439,0.223715,0.408783,-0.051052,0.223799,0.444851,-0.042212
1781673681.673078,325,0,Left,0.838463,0.714587,-0.0,0.766974,0.713867,-0.030014,0.696387,0.675793,-0.053577,0.653084,0.629018,-0.079415,0.680068,0.589053,-0.101793,0.697556,0.493843,-0.014585,0.662065,0.408199,-0.058476,0.650505,0.412845,-0.095714,0.658178,0.459677,-0.115024,0.740807,0.460783,-0.01995,0.709866,0.349753,-0.05871,0.701938,0.3581,-0.08556,0.709854,0.415406,-0.096202,0.789976,0.453316,-0.031877,0.773523,0.342215,-0.061498,0.764355,0.348943,-0.073208,0.765528,0.40129,-0.074156,0.84522,0.46835,-0.047829,0.844205,0.378957,-0.068529,0.833124,0.375689,-0.074444,0.825929,0.41148,-0.073323
1781673681.673078,325,1,Right,0.234612,0.669803,-0.0,0.294818,0.674712,-0.03414,0.353575,0.638674,-0.052258,0.351495,0.580001,-0.070334,0.307874,0.555632,-0.084317,0.362103,0.485656,-0.019847,0.389589,0.401924,-0.05846,0.368789,0.450103,-0.081483,0.351378,0.495565,-0.090905,0.315474,0.454759,-0.01963,0.34055,0.359941,-0.057133,0.317774,0.425468,-0.070611,0.307184,0.474709,-0.070487,0.270616,0.441976,-0.025766,0.28475,0.343641,-0.056909,0.269301,0.403816,-0.056308,0.261051,0.455093,-0.046794,0.222661,0.446364,-0.035367,0.225323,0.377284,-0.051547,0.223421,0.407686,-0.047076,0.222567,0.443653,-0.038633
1781673681.70648,326,0,Left,0.839626,0.710719,-0.0,0.767197,0.713537,-0.030287,0.69629,0.675765,-0.054592,0.651114,0.629191,-0.081354,0.678526,0.586165,-0.104429,0.69765,0.490339,-0.014568,0.662582,0.401891,-0.058167,0.652696,0.406334,-0.095219,0.662231,0.45622,-0.114701,0.741366,0.45903,-0.020051,0.709048,0.345496,-0.060109,0.701774,0.35542,-0.08915,0.70992,0.414145,-0.101749,0.790382,0.452277,-0.031991,0.773302,0.338763,-0.062295,0.765917,0.353335,-0.075447,0.76841,0.410482,-0.077807,0.846595,0.467128,-0.047851,0.844115,0.376401,-0.068713,0.833542,0.377713,-0.075549,0.826099,0.41713,-0.075721
1781673681.70648,326,1,Right,0.233694,0.670242,-0.0,0.294099,0.677725,-0.034166,0.356505,0.642793,-0.05208,0.355621,0.584837,-0.069905,0.30946,0.560728,-0.083405,0.362,0.487641,-0.020933,0.391729,0.395738,-0.061372,0.370423,0.445225,-0.084546,0.350779,0.492486,-0.093112,0.314156,0.458094,-0.020721,0.338498,0.35715,-0.059884,0.318451,0.423453,-0.073,0.308749,0.474783,-0.071791,0.269468,0.446871,-0.027058,0.283388,0.343734,-0.05891,0.270212,0.404552,-0.057325,0.263825,0.455271,-0.046554,0.22179,0.452207,-0.036927,0.225044,0.382673,-0.05298,0.223984,0.413006,-0.047786,0.223981,0.448379,-0.0385
1781673681.7399044,327,0,Left,0.842157,0.710581,-0.0,0.771739,0.716384,-0.029033,0.701432,0.684391,-0.050811,0.659855,0.647296,-0.074267,0.664766,0.612244,-0.094282,0.697525,0.496724,-0.018039,0.65713,0.414927,-0.060028,0.647432,0.40483,-0.0943,0.658912,0.444064,-0.11082,0.740734,0.458347,-0.02385,0.702332,0.351191,-0.060636,0.697122,0.340465,-0.085449,0.711176,0.391898,-0.094421,0.790069,0.450169,-0.035867,0.771755,0.340695,-0.065115,0.764656,0.335557,-0.073956,0.765639,0.381063,-0.072618,0.844692,0.465218,-0.05155,0.844013,0.378328,-0.075355,0.835215,0.372999,-0.080085,0.828786,0.409109,-0.076413
1781673681.7399044,327,1,Right,0.234681,0.667269,-0.0,0.291101,0.674272,-0.033523,0.347963,0.658978,-0.056526,0.374157,0.626499,-0.079976,0.351404,0.60826,-0.099989,0.355304,0.48065,-0.025959,0.39311,0.389177,-0.062443,0.379106,0.419998,-0.085309,0.360151,0.464661,-0.094193,0.311853,0.451865,-0.026642,0.338155,0.352494,-0.05935,0.324609,0.400669,-0.071816,0.313257,0.449456,-0.072339,0.266432,0.442397,-0.03296,0.285609,0.340013,-0.058135,0.274931,0.384343,-0.056595,0.264884,0.431014,-0.048313,0.217352,0.450177,-0.042992,0.215992,0.378448,-0.056841,0.21316,0.393262,-0.052371,0.210612,0.418613,-0.04414
1781673681.7738192,328,0,Left,0.844753,0.715458,0.0,0.769929,0.718527,-0.027757,0.696217,0.693896,-0.042734,0.649354,0.669467,-0.05651,0.618717,0.646728,-0.069975,0.701989,0.496435,-0.018351,0.653816,0.427378,-0.038436,0.621294,0.391491,-0.059523,0.593284,0.366936,-0.075403,0.744,0.454139,-0.023043,0.704253,0.362725,-0.035733,0.679095,0.311578,-0.052413,0.658458,0.279536,-0.066527,0.790775,0.444339,-0.032736,0.776077,0.35036,-0.050567,0.766451,0.302819,-0.067035,0.753853,0.278531,-0.079706,0.84198,0.460214,-0.045377,0.846419,0.387659,-0.064999,0.844162,0.369619,-0.072638,0.837347,0.373907,-0.07734
1781673681.7738192,328,1,Right,0.232099,0.677477,1e-06,0.292471,0.680582,-0.033861,0.351174,0.661054,-0.051147,0.394603,0.646705,-0.067194,0.433419,0.64848,-0.081335,0.345903,0.470211,-0.015998,0.381805,0.400472,-0.033221,0.397516,0.363829,-0.050727,0.408421,0.33659,-0.062864,0.305595,0.434372,-0.014199,0.330666,0.346298,-0.024098,0.346214,0.295162,-0.036527,0.357907,0.257363,-0.046215,0.262357,0.427142,-0.01776,0.271053,0.342832,-0.028495,0.272833,0.294612,-0.040949,0.276041,0.255691,-0.049844,0.215164,0.444329,-0.025303,0.200358,0.380734,-0.036518,0.189535,0.339761,-0.04279,0.182407,0.302788,-0.04617
1781673681.8065703,329,0,Left,0.843813,0.715099,1e-06,0.766976,0.71778,-0.031952,0.693096,0.694704,-0.052787,0.633139,0.682218,-0.071325,0.582263,0.689176,-0.091363,0.701774,0.499158,-0.035782,0.644236,0.418034,-0.060289,0.608313,0.368929,-0.082055,0.576341,0.32761,-0.098822,0.743809,0.456281,-0.041104,0.701432,0.346253,-0.060269,0.673278,0.279053,-0.080392,0.647288,0.225159,-0.095962,0.792925,0.44751,-0.050304,0.777551,0.337103,-0.072587,0.766413,0.269879,-0.092632,0.752526,0.213758,-0.107447,0.844134,0.46542,-0.062062,0.856215,0.385833,-0.083875,0.861476,0.338463,-0.094125,0.862859,0.297755,-0.100857
1781673681.8065703,329,1,Right,0.232597,0.682219,1e-06,0.294817,0.682581,-0.042587,0.353009,0.66327,-0.068883,0.402615,0.662276,-0.09275,0.448694,0.681252,-0.115991,0.339904,0.465124,-0.042043,0.382177,0.380048,-0.067852,0.407427,0.325532,-0.089482,0.428128,0.278521,-0.105178,0.298304,0.429964,-0.041218,0.326967,0.323259,-0.061294,0.344593,0.255326,-0.078882,0.357991,0.200403,-0.091546,0.25418,0.425052,-0.044989,0.260276,0.319078,-0.064977,0.261087,0.252894,-0.083052,0.263802,0.197188,-0.094916,0.207893,0.448007,-0.052986,0.184707,0.372211,-0.07254,0.167665,0.32256,-0.083215,0.156568,0.275348,-0.089082
1781673681.8398488,330,0,Left,0.847443,0.719558,1e-06,0.766693,0.722471,-0.031312,0.687435,0.697722,-0.051021,0.623888,0.692598,-0.068602,0.574022,0.709385,-0.088032,0.701664,0.496951,-0.036337,0.640427,0.411146,-0.059579,0.6038,0.353954,-0.079855,0.575195,0.305519,-0.09587,0.744046,0.453945,-0.041641,0.700556,0.335817,-0.060291,0.673453,0.262357,-0.07928,0.650939,0.203605,-0.094105,0.794192,0.443256,-0.050779,0.777747,0.322518,-0.073933,0.767194,0.248533,-0.095495,0.755781,0.186882,-0.111299,0.846194,0.459619,-0.0623,0.862739,0.370439,-0.086397,0.872189,0.312223,-0.099491,0.878155,0.260468,-0.108281
1781673681.8398488,330,1,Right,0.224771,0.682759,1e-06,0.291334,0.680486,-0.044144,0.352149,0.664222,-0.073947,0.404462,0.663922,-0.101412,0.453409,0.686202,-0.128359,0.333484,0.457804,-0.047619,0.382457,0.36767,-0.076547,0.410635,0.309388,-0.099766,0.433846,0.258723,-0.116434,0.29085,0.424641,-0.047322,0.32317,0.313118,-0.070045,0.342696,0.242075,-0.088585,0.357556,0.184139,-0.102008,0.246044,0.421385,-0.051577,0.252725,0.312656,-0.072955,0.255967,0.242813,-0.091449,0.26122,0.183709,-0.103863,0.199608,0.445967,-0.060168,0.174819,0.369238,-0.080026,0.159202,0.317968,-0.090212,0.14995,0.268573,-0.095991
1781673681.8728871,331,0,Left,0.847782,0.727927,1e-06,0.764863,0.724969,-0.030811,0.68405,0.698281,-0.049654,0.618239,0.697753,-0.066972,0.566397,0.718936,-0.086342,0.702592,0.494969,-0.032398,0.643244,0.405869,-0.054977,0.606991,0.346443,-0.075234,0.57896,0.296571,-0.091486,0.745613,0.454684,-0.038098,0.703513,0.336193,-0.05609,0.677401,0.261182,-0.075094,0.656224,0.200824,-0.090355,0.79634,0.444481,-0.048133,0.779071,0.323793,-0.071211,0.767564,0.249071,-0.093548,0.75515,0.185965,-0.110179,0.848776,0.460704,-0.060702,0.866355,0.370702,-0.085539,0.876756,0.310222,-0.100079,0.883728,0.256041,-0.11018
1781673681.8728871,331,1,Right,0.225207,0.683747,1e-06,0.293523,0.676547,-0.043239,0.354859,0.657409,-0.073061,0.409398,0.660466,-0.100944,0.45957,0.682947,-0.128574,0.33225,0.452888,-0.047962,0.380445,0.360615,-0.077288,0.408585,0.300917,-0.100785,0.431608,0.248698,-0.117722,0.288338,0.420583,-0.048716,0.319407,0.307198,-0.071701,0.338112,0.235973,-0.089978,0.352055,0.179109,-0.103281,0.242922,0.419358,-0.053992,0.248979,0.309155,-0.075381,0.252508,0.239052,-0.093449,0.258096,0.180029,-0.105673,0.196859,0.447039,-0.063619,0.170792,0.368218,-0.083876,0.15493,0.316126,-0.093938,0.145516,0.266655,-0.099605
1781673681.907604,332,0,Left,0.85011,0.729679,1e-06,0.767091,0.722484,-0.029132,0.683337,0.696414,-0.047564,0.61641,0.696525,-0.064786,0.564924,0.716929,-0.084144,0.704033,0.495055,-0.032521,0.643184,0.403697,-0.054739,0.607676,0.343145,-0.074275,0.581014,0.292002,-0.089823,0.747745,0.455428,-0.038885,0.704461,0.334759,-0.056126,0.679408,0.259277,-0.074384,0.659778,0.198675,-0.08929,0.799094,0.445218,-0.049355,0.781178,0.324573,-0.071244,0.7701,0.248379,-0.093023,0.758545,0.184522,-0.109557,0.852328,0.460553,-0.062229,0.868367,0.369239,-0.085352,0.87978,0.308422,-0.098725,0.887846,0.254911,-0.108302
1781673681.907604,332,1,Right,0.220161,0.684452,1e-06,0.28775,0.679301,-0.045395,0.351636,0.661756,-0.07583,0.404505,0.663799,-0.103977,0.45513,0.687406,-0.131731,0.33062,0.452726,-0.046694,0.377899,0.359939,-0.076223,0.405586,0.298771,-0.100073,0.428665,0.246314,-0.117251,0.285818,0.420953,-0.046409,0.317,0.308356,-0.069751,0.336025,0.236846,-0.088863,0.351531,0.178132,-0.102905,0.239374,0.41932,-0.051112,0.247685,0.309727,-0.073375,0.252066,0.23963,-0.092021,0.259178,0.179332,-0.104593,0.191609,0.444823,-0.060311,0.167214,0.366361,-0.080796,0.152669,0.314845,-0.090896,0.144521,0.264591,-0.096744
1781673681.9399683,333,0,Left,0.851012,0.730793,1e-06,0.76778,0.72365,-0.029161,0.684264,0.695212,-0.046873,0.617439,0.693004,-0.063377,0.566068,0.711954,-0.081902,0.705267,0.495338,-0.030988,0.644764,0.40308,-0.052783,0.609321,0.342402,-0.071997,0.582609,0.291643,-0.087312,0.748944,0.455878,-0.037156,0.706237,0.334599,-0.054097,0.681083,0.259105,-0.072001,0.661207,0.198541,-0.086597,0.800218,0.44558,-0.047613,0.781447,0.324257,-0.06972,0.770415,0.247962,-0.091413,0.758949,0.183587,-0.107737,0.853752,0.460446,-0.060528,0.869073,0.368345,-0.084025,0.880359,0.306979,-0.097598,0.888439,0.252661,-0.10725
1781673681.9399683,333,1,Right,0.217759,0.68407,1e-06,0.284778,0.678359,-0.045342,0.34762,0.660052,-0.075419,0.401291,0.662215,-0.103188,0.452227,0.683969,-0.130598,0.327643,0.452227,-0.04745,0.376,0.359073,-0.076396,0.404119,0.297624,-0.099784,0.427047,0.244551,-0.116818,0.283397,0.420703,-0.047064,0.314676,0.308682,-0.069997,0.332351,0.236775,-0.089125,0.345753,0.178544,-0.10332,0.237399,0.419717,-0.05147,0.245647,0.310477,-0.073212,0.249415,0.240069,-0.09217,0.255578,0.17959,-0.105215,0.189677,0.445934,-0.060368,0.164336,0.368395,-0.08092,0.148789,0.316605,-0.091584,0.139665,0.26677,-0.097867
1781673681.973608,334,0,Left,0.851133,0.729959,1e-06,0.768303,0.723774,-0.029143,0.685485,0.695764,-0.04686,0.618949,0.693174,-0.063359,0.567508,0.712989,-0.081953,0.705952,0.49556,-0.031187,0.645866,0.403398,-0.052821,0.610605,0.342612,-0.071893,0.584069,0.291394,-0.087224,0.749492,0.45573,-0.037322,0.706616,0.334612,-0.054339,0.681745,0.259191,-0.072197,0.662043,0.198232,-0.086786,0.80071,0.445286,-0.047688,0.782583,0.324318,-0.069943,0.771799,0.248104,-0.091541,0.760461,0.183678,-0.107786,0.854094,0.460015,-0.060479,0.869923,0.368444,-0.084194,0.881435,0.307486,-0.097819,0.889696,0.253563,-0.107482
1781673681.973608,334,1,Right,0.215861,0.686325,1e-06,0.283526,0.679867,-0.044221,0.345858,0.661648,-0.073899,0.400171,0.662888,-0.101542,0.450797,0.683927,-0.128866,0.325074,0.454181,-0.046376,0.372594,0.361216,-0.075911,0.400609,0.299502,-0.099903,0.423767,0.245813,-0.117356,0.281608,0.422234,-0.046632,0.3123,0.31078,-0.069798,0.330071,0.238624,-0.089173,0.343986,0.179709,-0.103621,0.236057,0.421074,-0.051669,0.243933,0.312582,-0.073333,0.247477,0.241863,-0.09226,0.253596,0.181224,-0.105393,0.188705,0.447245,-0.061191,0.163499,0.371115,-0.081737,0.14798,0.319107,-0.092501,0.138802,0.269236,-0.098897
1781673682.0067642,335,0,Left,0.852162,0.731407,1e-06,0.769127,0.72373,-0.029301,0.68629,0.696216,-0.048044,0.619338,0.693264,-0.065612,0.567665,0.712719,-0.085262,0.708056,0.496205,-0.032103,0.648115,0.403337,-0.054687,0.61271,0.3427,-0.07459,0.585914,0.291678,-0.090391,0.751161,0.456846,-0.038546,0.707489,0.335935,-0.056353,0.681913,0.260434,-0.074812,0.661783,0.19923,-0.089738,0.802015,0.446737,-0.049152,0.783909,0.324745,-0.071387,0.773464,0.248057,-0.092685,0.762659,0.183322,-0.108727,0.855212,0.461971,-0.062238,0.8708,0.370175,-0.085134,0.881668,0.309119,-0.097922,0.889527,0.254987,-0.107053
1781673682.0067642,335,1,Right,0.215545,0.688828,1e-06,0.282864,0.682514,-0.04411,0.344787,0.664232,-0.073707,0.398536,0.665984,-0.101287,0.449511,0.688325,-0.1285,0.324687,0.456239,-0.045433,0.37213,0.362432,-0.074222,0.400104,0.301016,-0.097709,0.423381,0.247791,-0.114814,0.281029,0.425283,-0.045668,0.311706,0.312554,-0.068229,0.329818,0.2404,-0.087288,0.344429,0.181172,-0.101522,0.235381,0.424543,-0.050709,0.24407,0.315187,-0.072022,0.248231,0.244307,-0.090837,0.255093,0.183237,-0.103859,0.187955,0.450827,-0.06021,0.163005,0.372979,-0.080301,0.147591,0.321677,-0.090617,0.138638,0.272371,-0.096745
1781673682.0401037,336,0,Left,0.854479,0.73492,1e-06,0.770478,0.727593,-0.02948,0.686981,0.699242,-0.048051,0.619522,0.695142,-0.065363,0.567217,0.714072,-0.084761,0.709182,0.499032,-0.032298,0.649434,0.405115,-0.055128,0.613967,0.343957,-0.075321,0.586823,0.292692,-0.091349,0.752411,0.459839,-0.038681,0.708593,0.3384,-0.056768,0.682685,0.262633,-0.075529,0.661939,0.201161,-0.090723,0.803564,0.44963,-0.049264,0.785148,0.326944,-0.071777,0.7746,0.250063,-0.093342,0.763523,0.185141,-0.109585,0.857006,0.464479,-0.062343,0.871646,0.371859,-0.085741,0.882365,0.310538,-0.098954,0.890069,0.256401,-0.108373
1781673682.0401037,336,1,Right,0.213651,0.690964,1e-06,0.282299,0.687595,-0.045801,0.344584,0.671159,-0.076201,0.396242,0.669046,-0.104241,0.445798,0.688346,-0.13182,0.322552,0.460313,-0.046774,0.36922,0.367528,-0.076202,0.397214,0.305647,-0.100345,0.42082,0.252023,-0.117999,0.278676,0.428373,-0.046356,0.309926,0.317309,-0.069761,0.32817,0.244826,-0.089468,0.343427,0.184966,-0.104278,0.232926,0.42678,-0.050916,0.243774,0.317062,-0.073488,0.249386,0.246495,-0.092718,0.257656,0.185839,-0.105942,0.185906,0.452065,-0.06001,0.162949,0.372875,-0.081328,0.14861,0.320637,-0.092319,0.140694,0.270183,-0.098915
1781673682.0732636,337,0,Left,0.85419,0.734807,1e-06,0.77163,0.728342,-0.029805,0.689603,0.69947,-0.048403,0.623012,0.692387,-0.065594,0.570292,0.70978,-0.084852,0.709086,0.502813,-0.033456,0.649227,0.408476,-0.056844,0.614055,0.34699,-0.07698,0.587529,0.295002,-0.092821,0.752667,0.462861,-0.039645,0.708224,0.340627,-0.058463,0.68227,0.26462,-0.077283,0.661561,0.202419,-0.092346,0.804092,0.45229,-0.04996,0.785878,0.32929,-0.073516,0.775398,0.251777,-0.094925,0.764426,0.186582,-0.110761,0.85802,0.466685,-0.06269,0.872452,0.373709,-0.086831,0.882814,0.312646,-0.099807,0.890086,0.258935,-0.10886
1781673682.0732636,337,1,Right,0.212016,0.697373,1e-06,0.278854,0.693662,-0.043659,0.342026,0.675233,-0.072269,0.39384,0.673525,-0.09873,0.443042,0.692125,-0.124835,0.320757,0.466283,-0.04516,0.36748,0.37195,-0.073815,0.395453,0.310051,-0.097069,0.418676,0.25656,-0.113839,0.277539,0.435255,-0.045376,0.308829,0.322654,-0.067707,0.32662,0.249419,-0.086466,0.340754,0.189254,-0.100541,0.23257,0.433778,-0.050361,0.243019,0.324515,-0.07144,0.248161,0.253095,-0.089582,0.25566,0.192101,-0.102166,0.185263,0.458574,-0.059781,0.162376,0.378901,-0.079749,0.148916,0.32597,-0.089706,0.141865,0.275384,-0.095621
1781673682.1067176,338,0,Left,0.854807,0.739497,1e-06,0.772048,0.733352,-0.030062,0.690949,0.701495,-0.048284,0.625577,0.689937,-0.06487,0.572811,0.70306,-0.083501,0.711697,0.507403,-0.034097,0.653137,0.412297,-0.057971,0.617765,0.350012,-0.078492,0.590548,0.297542,-0.094618,0.754915,0.468431,-0.04026,0.709883,0.346859,-0.060201,0.682715,0.269935,-0.079859,0.660903,0.206537,-0.095355,0.805912,0.458347,-0.050459,0.787603,0.336091,-0.075358,0.776521,0.257178,-0.097508,0.765013,0.190102,-0.113615,0.859705,0.472699,-0.062979,0.874088,0.37896,-0.088323,0.884393,0.316537,-0.101927,0.891501,0.260987,-0.111302
1781673682.1067176,338,1,Right,0.211364,0.708899,1e-06,0.278865,0.703239,-0.042504,0.340947,0.682388,-0.070814,0.390655,0.675887,-0.097302,0.437657,0.688315,-0.123678,0.318354,0.481217,-0.047173,0.363578,0.383577,-0.077682,0.390214,0.319954,-0.101913,0.411961,0.264168,-0.119185,0.274014,0.45071,-0.04815,0.302297,0.337351,-0.072964,0.318336,0.262923,-0.093123,0.331174,0.201136,-0.10804,0.228914,0.449219,-0.053585,0.237688,0.339283,-0.076579,0.24172,0.2686,-0.09469,0.247865,0.208943,-0.107031,0.18288,0.473519,-0.063269,0.160033,0.392089,-0.084754,0.145786,0.338661,-0.094924,0.137694,0.289183,-0.10071
1781673682.1396706,339,0,Left,0.858501,0.745209,0.0,0.77712,0.739487,-0.029888,0.696364,0.705643,-0.048601,0.63152,0.688497,-0.065657,0.578182,0.694437,-0.08467,0.716486,0.515754,-0.035557,0.658385,0.420186,-0.060404,0.622946,0.358237,-0.08156,0.595958,0.305911,-0.098036,0.7586,0.476821,-0.042047,0.713377,0.355289,-0.062705,0.686081,0.27824,-0.082597,0.664589,0.215044,-0.098264,0.808993,0.467167,-0.052425,0.790496,0.34299,-0.077607,0.77996,0.264689,-0.098948,0.769238,0.198854,-0.114566,0.862861,0.482114,-0.065099,0.876426,0.387811,-0.090461,0.885879,0.3255,-0.103334,0.892221,0.270231,-0.112164
1781673682.1396706,339,1,Right,0.209148,0.734439,1e-06,0.277187,0.728379,-0.043364,0.340484,0.703744,-0.070347,0.386688,0.682873,-0.095007,0.430737,0.681274,-0.11963,0.308914,0.513664,-0.048215,0.347486,0.415443,-0.079515,0.371075,0.351337,-0.104155,0.391448,0.295086,-0.121602,0.26478,0.482407,-0.04802,0.287658,0.3702,-0.07401,0.302992,0.296516,-0.094857,0.31623,0.235205,-0.110168,0.220908,0.480284,-0.052292,0.225836,0.370829,-0.077197,0.227206,0.300597,-0.09585,0.231392,0.242527,-0.108311,0.177284,0.503668,-0.060727,0.152917,0.422758,-0.084404,0.136506,0.369509,-0.095933,0.125815,0.322159,-0.102358
1781673682.1731274,340,0,Left,0.86289,0.754355,0.0,0.783818,0.746515,-0.029073,0.706367,0.709741,-0.047845,0.64551,0.681325,-0.065334,0.593986,0.677231,-0.084428,0.724826,0.52842,-0.033792,0.669628,0.435854,-0.059774,0.635372,0.376693,-0.08205,0.608657,0.325997,-0.099006,0.766165,0.490166,-0.041067,0.721739,0.372706,-0.062765,0.694973,0.297957,-0.082893,0.674005,0.236259,-0.098468,0.814929,0.480682,-0.052279,0.795374,0.35949,-0.078472,0.78504,0.284093,-0.098325,0.774742,0.221934,-0.1124,0.867744,0.495517,-0.065824,0.878763,0.402575,-0.091358,0.887578,0.342299,-0.102832,0.893865,0.290017,-0.110242
1781673682.1731274,340,1,Right,0.210494,0.785188,0.0,0.272801,0.774264,-0.037343,0.328575,0.742963,-0.059411,0.370268,0.709601,-0.079484,0.412051,0.689508,-0.098952,0.30188,0.560113,-0.034435,0.330687,0.465312,-0.058502,0.344187,0.407871,-0.077833,0.355479,0.361081,-0.091778,0.255436,0.532364,-0.034676,0.271259,0.421214,-0.055194,0.284128,0.353026,-0.073009,0.296242,0.298868,-0.086304,0.210378,0.534113,-0.039488,0.211523,0.42969,-0.061413,0.211444,0.366906,-0.078886,0.215256,0.316344,-0.090676,0.166726,0.560029,-0.047786,0.145189,0.483234,-0.069936,0.129533,0.433159,-0.081403,0.120231,0.389271,-0.088013
1781673682.2068672,341,0,Left,0.866021,0.768719,0.0,0.788518,0.759196,-0.026539,0.715084,0.717045,-0.041648,0.660755,0.68079,-0.05588,0.612162,0.664703,-0.071365,0.734858,0.544662,-0.023569,0.685256,0.46315,-0.04575,0.654022,0.413062,-0.066814,0.627088,0.369514,-0.083358,0.776979,0.507214,-0.030926,0.737787,0.40115,-0.049072,0.711305,0.335679,-0.068681,0.687612,0.281192,-0.084461,0.824839,0.499357,-0.042444,0.807137,0.39107,-0.065814,0.795463,0.324867,-0.084368,0.781856,0.267508,-0.098004,0.875081,0.515664,-0.056287,0.882762,0.429917,-0.078869,0.888326,0.376045,-0.088764,0.891104,0.327624,-0.095657
1781673682.2068672,341,1,Left,0.246207,0.873602,0.0,0.316477,0.843081,-0.016365,0.361514,0.777219,-0.025014,0.389707,0.719928,-0.033132,0.404235,0.678051,-0.041569,0.304162,0.635028,-0.020483,0.320747,0.524367,-0.036565,0.326519,0.458841,-0.04803,0.330771,0.413446,-0.05501,0.251141,0.615699,-0.022342,0.25643,0.495519,-0.035034,0.260193,0.428651,-0.043558,0.26449,0.385907,-0.049229,0.199909,0.620188,-0.025893,0.199636,0.504505,-0.036221,0.200925,0.444461,-0.040728,0.203813,0.406471,-0.043403,0.154332,0.64441,-0.030719,0.139503,0.554138,-0.038558,0.134296,0.502884,-0.038173,0.132612,0.470016,-0.035996
1781673682.2405386,342,0,Left,0.87259,0.790544,0.0,0.793793,0.775778,-0.022654,0.726338,0.731021,-0.03595,0.680782,0.689153,-0.049292,0.638347,0.653826,-0.062272,0.745018,0.561276,-0.009638,0.703732,0.487525,-0.031769,0.677435,0.449498,-0.054358,0.65465,0.4221,-0.070654,0.786258,0.528988,-0.016304,0.753209,0.437764,-0.031911,0.732657,0.390679,-0.048657,0.71413,0.359792,-0.06143,0.833061,0.523444,-0.028093,0.8169,0.430593,-0.0459,0.805828,0.382651,-0.056839,0.792403,0.34811,-0.06482,0.883493,0.541144,-0.042729,0.890376,0.465615,-0.059223,0.888896,0.423138,-0.064533,0.883024,0.38944,-0.06764
1781673682.2766953,343,0,Left,0.874532,0.813462,-0.0,0.801841,0.798937,-0.024589,0.734036,0.749946,-0.042161,0.690717,0.704902,-0.061012,0.657675,0.66321,-0.077952,0.758226,0.586457,-0.014479,0.728594,0.500168,-0.051351,0.70368,0.483718,-0.083398,0.689898,0.50627,-0.099865,0.80123,0.559541,-0.021147,0.777134,0.456638,-0.055828,0.761663,0.451112,-0.080196,0.756362,0.492505,-0.090456,0.848629,0.556132,-0.03332,0.837179,0.456519,-0.063035,0.824555,0.449289,-0.075585,0.81698,0.484556,-0.077559,0.899403,0.5729,-0.048289,0.903173,0.479422,-0.071027,0.892173,0.457705,-0.077447,0.879959,0.473779,-0.07668
1781673682.3100436,344,0,Left,0.880258,0.836127,-0.0,0.808704,0.822087,-0.022901,0.742518,0.768149,-0.038559,0.703177,0.719485,-0.055737,0.675951,0.673258,-0.070786,0.770722,0.608588,-0.011204,0.746954,0.522961,-0.045862,0.722067,0.511179,-0.075437,0.70783,0.536981,-0.090297,0.815022,0.582877,-0.018271,0.79482,0.478651,-0.049814,0.77828,0.48281,-0.07065,0.77297,0.529018,-0.078532,0.862867,0.581021,-0.030756,0.852544,0.48122,-0.058318,0.839997,0.485427,-0.067504,0.835558,0.524801,-0.067423,0.913008,0.599941,-0.045962,0.916471,0.509506,-0.066361,0.904947,0.501011,-0.06953,0.896142,0.527284,-0.066702
1781673682.343034,345,0,Left,0.890613,0.849922,-0.0,0.822303,0.838073,-0.024278,0.758082,0.786335,-0.042354,0.719343,0.737112,-0.062019,0.693502,0.68703,-0.078628,0.783182,0.626684,-0.015485,0.761038,0.53074,-0.053207,0.747068,0.537642,-0.083759,0.74651,0.584195,-0.098575,0.827863,0.602998,-0.021921,0.811285,0.492569,-0.055542,0.800328,0.508314,-0.077484,0.800568,0.562639,-0.086333,0.875537,0.602131,-0.033849,0.867897,0.49538,-0.061349,0.858017,0.506619,-0.071715,0.856163,0.553611,-0.073475,0.92547,0.621705,-0.048513,0.93117,0.531843,-0.069098,0.919787,0.528951,-0.07354,0.910496,0.561939,-0.07224
1781673682.375941,346,0,Left,0.89805,0.862822,-0.0,0.829706,0.84958,-0.027895,0.765446,0.801529,-0.048824,0.728643,0.754005,-0.070851,0.712637,0.700862,-0.089375,0.788381,0.636622,-0.021303,0.766987,0.541679,-0.06079,0.752262,0.561856,-0.091839,0.750856,0.614926,-0.10722,0.833483,0.616741,-0.026395,0.814627,0.508252,-0.062517,0.8079,0.532198,-0.085917,0.81142,0.588137,-0.09555,0.881823,0.618772,-0.036988,0.874326,0.511634,-0.068014,0.869593,0.529572,-0.080328,0.870057,0.580996,-0.08259,0.933057,0.640377,-0.05025,0.938869,0.551704,-0.074411,0.931569,0.552785,-0.081001,0.924239,0.588511,-0.080608
1781673682.4091208,347,0,Left,0.901107,0.876106,-0.0,0.831113,0.856679,-0.025556,0.769232,0.808963,-0.045826,0.732636,0.762417,-0.068203,0.718706,0.70882,-0.08688,0.796843,0.647377,-0.013451,0.777791,0.556228,-0.052872,0.758861,0.586063,-0.084251,0.752833,0.640278,-0.099944,0.841513,0.629483,-0.019515,0.824753,0.523322,-0.055212,0.81483,0.557285,-0.077124,0.815378,0.609672,-0.085495,0.888692,0.631279,-0.031399,0.882057,0.524079,-0.06136,0.876249,0.55364,-0.068671,0.875749,0.603979,-0.067215,0.939223,0.652321,-0.046168,0.946092,0.5646,-0.066555,0.937422,0.572708,-0.068275,0.929452,0.606368,-0.064713
1781673682.4462159,348,0,Left,0.901968,0.888417,-0.0,0.835028,0.868012,-0.026159,0.773667,0.817166,-0.045679,0.737799,0.767971,-0.067592,0.724944,0.71379,-0.085386,0.801303,0.667546,-0.013591,0.780702,0.574508,-0.053579,0.764706,0.611857,-0.082771,0.762631,0.664913,-0.096555,0.844741,0.649501,-0.019466,0.823291,0.537135,-0.058064,0.811411,0.582525,-0.077903,0.813747,0.636091,-0.082935,0.891447,0.649785,-0.031334,0.88495,0.53666,-0.063862,0.87564,0.580525,-0.068056,0.875067,0.634383,-0.062545,0.942802,0.668614,-0.046141,0.948968,0.579443,-0.06651,0.93609,0.595478,-0.066182,0.926903,0.630598,-0.060512
1781673682.476552,349,0,Left,0.901457,0.901023,-1e-06,0.835637,0.878894,-0.027665,0.775978,0.827252,-0.046046,0.742779,0.776431,-0.06714,0.730353,0.724081,-0.082772,0.796873,0.68571,-0.012743,0.777583,0.594073,-0.054281,0.782309,0.65088,-0.079716,0.793315,0.701872,-0.090113,0.843683,0.66688,-0.018374,0.827669,0.55727,-0.060818,0.827116,0.636054,-0.074878,0.832775,0.6915,-0.073639,0.891844,0.665349,-0.030934,0.888791,0.556955,-0.069925,0.881801,0.631703,-0.066371,0.881918,0.69226,-0.052274,0.942366,0.680383,-0.046502,0.950184,0.592758,-0.069768,0.936334,0.629179,-0.065062,0.927453,0.671777,-0.054528
1781673682.509873,350,0,Left,0.892568,0.929582,-1e-06,0.832488,0.906526,-0.029412,0.776179,0.84418,-0.048475,0.746392,0.786814,-0.069567,0.730229,0.73074,-0.085162,0.796106,0.703613,-0.016559,0.780602,0.625622,-0.061109,0.783204,0.698456,-0.088395,0.791486,0.759875,-0.099255,0.843134,0.688649,-0.021267,0.831151,0.59848,-0.066851,0.826311,0.691099,-0.080611,0.827611,0.753114,-0.078529,0.890978,0.691914,-0.033033,0.890228,0.599159,-0.076512,0.880154,0.685893,-0.071769,0.875801,0.749908,-0.05588,0.940216,0.7097,-0.04744,0.948768,0.629597,-0.075064,0.933687,0.677131,-0.069237,0.921145,0.723372,-0.056622
1781673682.543581,351,0,Left,0.878268,0.962463,-1e-06,0.81981,0.934675,-0.027313,0.764789,0.870826,-0.043694,0.74074,0.811868,-0.061592,0.743869,0.755672,-0.074892,0.790123,0.715311,-0.006572,0.78111,0.678274,-0.048098,0.780265,0.753076,-0.076797,0.78272,0.810279,-0.089685,0.839615,0.702048,-0.010683,0.830422,0.6593,-0.05151,0.822265,0.751222,-0.066277,0.819953,0.806526,-0.065864,0.890572,0.709221,-0.021848,0.888753,0.661571,-0.062229,0.874169,0.747554,-0.058789,0.866795,0.804938,-0.044786,0.941476,0.7341,-0.035527,0.943462,0.691924,-0.062058,0.924352,0.74834,-0.055919,0.911297,0.791259,-0.042607
1781673682.5764718,352,0,Left,0.842791,0.999827,-1e-06,0.787231,0.972121,-0.019322,0.7432,0.901914,-0.030343,0.730334,0.846545,-0.042517,0.73004,0.801079,-0.051432,0.777343,0.740823,-0.004384,0.771312,0.739574,-0.038357,0.772233,0.823859,-0.062659,0.768541,0.880611,-0.073307,0.829181,0.734493,-0.011307,0.820378,0.746768,-0.042361,0.812812,0.844804,-0.052879,0.806637,0.901455,-0.051352,0.881303,0.751176,-0.023516,0.874276,0.759044,-0.056897,0.860165,0.854382,-0.049783,0.852348,0.911588,-0.035015,0.931021,0.784425,-0.037699,0.924636,0.796613,-0.060239,0.90581,0.867332,-0.049514,0.896063,0.908789,-0.032962
1781673682.6104214,353,0,Right,0.817031,0.730565,-1e-06,0.867056,0.798989,-0.028085,0.902852,0.88084,-0.066287,0.911486,0.946558,-0.103298,0.895244,0.995664,-0.145825,0.895341,0.842021,-0.097662,0.867599,0.943304,-0.144989,0.840245,0.99004,-0.177198,0.820899,1.015785,-0.195422,0.844413,0.814173,-0.099577,0.816993,0.920939,-0.134082,0.793204,0.983752,-0.145612,0.780148,1.020488,-0.156622,0.796123,0.795497,-0.099001,0.771303,0.898464,-0.129369,0.750246,0.962532,-0.129731,0.738286,1.004634,-0.129133,0.752479,0.785486,-0.10003,0.728993,0.870865,-0.115271,0.716479,0.923327,-0.10796,0.71018,0.96179,-0.103205
